,users,ratings,shorts,times
0,姜纪存,5,客机坠毁背后有何惊天秘密？厨娘为何对顾客起了杀机？荒郊野外两车爆炸烧焦尸体怎会纠缠一起？爆破工程师炸毁拖车公司是有预谋还是耍脾气？顶包案背后是何种金钱利益？新郎新娘婚礼现场反目成仇与神秘女子又有何关系？请收看人间自保指南：《别刻薄 别冲动 别装逼 别较真 别贪婪 别约炮》,2015-05-10
1,匡匡,5,年度撕逼大戏，颁奖季最好也最好看的外语片之一。丛林心态下，所有的人都是animal，所有的故事都是蛮荒故事。精彩翻转，虽癫狂，细思却并不意外，生活实际的样子，远比这荒谬得多。某种意义上，<消失的爱人>是喜剧，<蛮荒故事>却是悲剧。因为前者是刻意的虚无，后者是真实残酷的白描。,2015-03-13
2,shininglove,4,这是迄今为止天蝎座人士在银幕上最大规模的集体展现。,2015-09-09
3,影志,5,“跟你做的比起来，我那做的都不算什么” 魔性十足，荒诞满分。每个人都有过一闪而过的犯罪念头，这部片子把我们没敢做出来的那部分呈现出来，狠狠戳中我们的软肋。这个世界总是如此厌倦又可笑。“没人不希望恶有恶报，但又没人愿意脏了自己的手。”,2015-06-16
4,seamouse,5,同样展现社会暴戾情绪的阿根廷版《天注定》，但要比后者艺术、幽默和高级很多。可以从中胡乱联想到马航、反拆迁、药家鑫、T3爆炸、深圳车祸顶包，外带一个巴尔干谅解式的合家欢结局。,2014-05-17
5,Cycble,4,《恨我的人都去死吧》《姑娘，让我喂你的仇人老鼠药吧》《古有泼妇骂街，今有壮士斗街》《该死的收费站，炸裂》《黑吃黑谈判》《相爱相杀的婚礼直播》，喜欢第一个，第三个，第六个。,2015-03-16
6,桃桃林林,4,始于荒诞，止于更荒诞。于我们，还是有很多共鸣的,2015-02-26
7,Mumu,3,拖车爆破那段儿结尾的温馨-1星,2015-03-03
8,CharlesChou,4,《天注定》与这一比除了形式之外皆落下风，虽然都是怒火中烧的爆发，前者一派阴郁充满戾气的基调，仿佛一切都是体制的错与人无关；而拉美人民告诉你个个文明人身体里都住着凶蛮野兽，用一场撕逼大戏结尾真是看得很爽。除了第一个故事很一般之外其它都相当惊喜。,2015-02-27
9,鼓腹游,5,人生的大喜大悲实在是太TM刺激了。8.7,2015-03-03
10,谋杀游戏机,5,主竞赛黑马，阿根廷天注定，看过的都叫好。六个因仇生暴的小故事，每个都张力十足，戛纳巴赞厅里大笑不断。除了天注定，还有拉美版无人区、全民目击等等，差不多的故事，明显人家拍得更劲道。经典配乐、独特角度的运镜也很风格化。不知评委之一的贾樟柯看了作何感想？,2014-05-17
11,小A,5,拉美人民多奇志，拉美导演有邪活。年度最值得期待、最超出预期的荒诞喜剧，劲爆黑色邪典幽默调侃社会弊端人生百态，猛打鸡血笑中带泪。视觉语言极其娴熟。喜剧版《六个道德故事》。《断背山》《通天塔》配乐师桑托拉亚拉美风情吉他电子音乐燃爆全场。,2014-05-17
12,同志亦凡人中文站,4,这片和“天注定”的最大区别，就是我们只剩下填充胸臆的戾气、而阿根廷还保留着无政府主义的癫狂。同样是故事拼接，“四个月亮”导演该好好看看这片...,2015-02-26
13,亵渎电影,4,如果硬要和贾樟柯的[天注定]相比，那科长的叙事节奏就像赵涛那张“演技派”的脸。片中6个小故事叙事包袱一抖再抖，这种一波三折的黑色故事确实很招人喜欢，它们的惊与喜、讽刺和无语都是显而易见的。我在想，大家都别整天想着抄《黑镜》了，这样的黑色操蛋故事整成一个剧集同样会是神作。★★★★,2015-02-24
14,内陆飞鱼,4,"又一个酒神附体的电影，有笑有泪的复仇大赛，库斯图里卡的黑色味精，昆汀的血色糖精，加点马卡维耶夫的迷狂春药，好玩。最凶暴的两个司机玩命斗气斗殴那一段，跑到奥迪车头拉粑粑的司机要是腹泻，就棒了，可怜我最喜欢的Joe Esposito单曲《Lady, Lady, Lady》为这么重口味的故事伴奏。",2015-02-26
15,文尔,5,人要有脾气。脾气发得不好就傻逼，发得好就牛逼。,2015-07-09
16,木卫二,4,碎片化的形式，有点像之前罗马尼亚一堆人鼓捣的《黄金时代的故事》，只不过这边是一个人拍的。观感挺不错，但说“经典”，还远远称不上。即便有的碎片很完整很精彩，像公路恶斗。也有作到死的相爱相杀，文青们的最爱。可是，终究缺乏一个形式上的统一，并且太容易分出高下。,2015-03-20
17,.Danny,5,本年度最惊喜的一部喜剧片。6个故事罗列在一起，不拥挤不仓促，每个独立都有各自独立的笑点，整个集合在一起就像一头猎豹一样，用冷冷的双眼观望这个社会。还有每个故事的镜头，场景运动都相对独立，具有新意。非常的阿莫多瓦和鞋拔子昆丁。,2014-12-18
18,Lycidas,5,除了ICBC植入广告外感觉可以满分，片头出字幕那段+全片配乐太牛逼了，bombita这段开始随着灯闪听到gustavo santaolalla标志的吉他声我激动到浑身打颤全面炸裂！喜欢台译片名，感觉抓到了精髓。阿根廷电影绝对西语世界的良心，想看的演员都看到了还这么充满正能量太开心！！！,2015-03-01
19,有心打扰,5,植于生活，长于现实的荒蛮故事。6个小故事没有短板，全部都是如此引人入胜。情节看似荒诞不已的地方，却也让人笑着深思。人生经历多少挫折都没关系，只要还有人支持着自己，也还会对社会有一点爱。言语的肆无忌惮和迫在眉睫的暴力，权利权力家庭舆论的畸形发展，婚姻始终是一场浪漫的闹剧。,2015-03-09
20,时间之葬,4,文明社会中的野蛮行径，是被逼迫下映衬出的奇观，印证的是卢梭“高贵的野蛮人”的观点，再次说明复仇是一件高贵的事情,2015-03-23
21,栗,5,最后一个故事满分。,2016-04-10
22,frozenmoon,4,本来以为会有一条有趣的线索把这六个故事中的人物串起来，如果那样可能更有意思一点，但也许就更故意了一点。现在这样也不错吧，但总觉得差一口气。每个故事都很有意思，从微不足道的低微情绪一点点累积至一个不可想象的极端结局。平静生活下的火山。不错。,2015-03-01
23,超搞笑级的？？,5,不要轻视心里疾病的人，不要欺负钉子户，不要惹开长途车的，不要违法拖车，不要跟律师警察谈钱，不要出轨，不要说天注定比这部差,2015-03-08
24,西楼尘,5,六个一嗨到底的片子，一部嗑了药的电影。15年开年观感最刺激流畅精彩的片子。《帕斯特纳克》《鼠辈》《勇者胜》《小炸弹》《提议》《直到死亡江我俩分开》，讲述了以航班、饭馆、路怒、罚单、肇事和婚礼为主题的复仇故事。剧情离奇失控看得过瘾，最喜欢婚礼故事的结局，我心目中的2014年度最佳外语片。,2015-03-10
25,办公室甜心,4,大家脾气都大得很哦,2015-06-15
26,朝阳区陆依萍,4,哈哈...万万没想到，结尾居然是安妮宝贝治愈系......,2015-03-07
27,荞麦,3,把新闻故事拍成电影到底有什么意思啦？只喜欢两个司机斗狠那段……婚礼也马马虎虎吧……其它都很无聊。,2015-03-15
28,欢乐分裂,4,别和某片相提并论啦，这种疯癫讽喻的黑色喜剧只有拉美系才能拍出泼辣生猛的味道，对体制的深恶痛绝与对人性阴暗的揭露不流于说教；短片就好在及时收尾，六个小故事的节奏都切分得不错，稍嫌夸张，不过西班牙语境下无违和感；最喜第一个短小精悍的意料之外与最后一个撕到高潮。,2015-03-25
29,徐宏亮_TomXu,5,年度撕逼大战，拉美人民多奇志！黑色荒诞，动物世界！6个故事里，最喜欢公路双焚和狂躁婚礼。,2015-07-04
30,亚比煞,4,所有故事无非想说这么一句:“你特么以为我好欺负吗？看我怎么弄死你”。也许现实中大家都忍够了吧，看这类故事觉得很解气，就给顶了这么高的分。借电影出口恶气之后，再回头继续忍耐自己的生活。,2017-02-05
31,文西,4,年轻无畏的电影就是有力量呀， 故事各种桥段设计得还都不错，阿根廷人民火气还真大，不过我觉得还是天注定更好一点！,2014-09-02
32,birds,5,音乐真是太带劲了，现代人每个人身上都携有摧毁一切的炸弹。文明是任性，是不可自身受侵犯。六段故事里有三段不荒蛮的暖色，不愿行凶的服务员，代表软弱至髓。自首的男孩，后又转至懦弱。阳台的智慧安慰，转为动物性的原始。,2015-03-20
33,朝暮雪,4,阿根廷版《无人区》，因为一件小事最后搞得同归于尽。所以说啊，宁愿吃点亏，也不要和垃圾人正面刚。,2015-03-20
34,芦哲峰,4,匹夫见辱，拍案而起，拔剑而斗，一时之快；狭路相逢，相爱相杀，同归于尽，何必当初。,2015-11-07
35,Marilyn教父,4,1、快去感恩当年那些、对你不杀之恩的人...2、该出手时就出手、风风火火闯九州...3、得饶人处且饶人、最后还是要一起跳广场舞的...4、以暴制暴、总要有人站出来...5、从你出生起、就注定了你的阶级...6、隔壁老王无处不在、相逢一炮免恩仇吧...,2015-03-30
36,薇羅尼卡,5,基本上没怎么看过阿根廷的片子，这真是个惊喜。当然最喜欢的是最后一个婚礼故事，不停地反转从荒诞中透出一股真实，真的觉得不可置信吗？也许生活就是如此。最给力的当然是追车故事，人的怒气与报复心真的可以膨胀到什么地步呢？当然最神的还是开头最短的复仇故事，绝妙精彩～,2016-04-17
37,婴儿葛葛,4,对比了下《黑镜》，《九号秘事》，同样的讽刺和荒谬，英国人拍出了性冷感的体味，拉丁人拍出了费洛蒙的体味。真的，什么样的民族气质，创造什么样的作品。,2015-06-16
38,大島,5,世界有多大，脑洞开多大。,2016-01-07
39,囧之女神daisy,5,虽谈不上太新鲜，但妙不可言。,2015-10-25
40,24city,3,一般，质量参差不齐。盲目的好口碑太多，尤其是各种拿《天注定》说事，真是一个可笑的对比，非要找个比较的，之前有部《燃烧的棕榈》要比这片子好看得多，更有深度。,2015-02-28
41,谋杀电视机,3,这个系列剧讲述了这么几个人的故事：开雪佛兰的开奥迪的开宝马的还有开飞机的,2016-01-03
42,陈哈,5,一个猛人把背叛过他得罪过他的人都集中在飞机上；一个餐厅服务员碰到曾经的“杀”父仇人来用餐，同事说该用老鼠药了；一个光鲜中产在人迹罕至的路上遇到不让道挑衅他的野蛮人；一个熟谙爆炸的工程师车被拖走几次讨个说法而不得；一个富二代撞死孕妇老爸和律师找园丁来顶包；一个新娘在婚礼上发现小婊砸,2015-03-02
43,把噗,2,荒蛮故事 vs. 一千零一夜 = 超新约全书 vs. 布达佩斯大饭店,2016-04-11
44,不动声色地,3,撕逼是最棒的前戏+10086,2016-01-17
45,远子,3,几个月前聚餐的时候听一个朋友讲了这部电影，她把里面的六个故事都讲了一遍，说太好看太刺激，从未有过的观影体验。在座的人却纷纷表示，这都什么乱七八糟的……看完后觉得没她讲的精彩。,2015-11-24
46,汪金卫,5,【中国电影资料馆展映】黑色喜剧短片集。每集的主角都在压力下释放了自我，实施了一闪而过的犯罪念头。发泄了被压抑的情绪，让看客拍手称快。即是荒诞的闹剧，也是对社会种种现象的尖锐抨击。每个短片都很喜欢，大银幕观影尤其爽快，好看！,2017-05-13
47,陆支羽,4,4.5。1.看似疯狂的蛮荒，实乃赤裸的真相，不过更多是现实世界的内心版本罢了；性本恶旦被激活，没有谁会忍气吞声。2.片头动物世界最贴近[天注定]，但整体更叙事，不如贾诗意。3.个人最爱老鼠药和黑色婚礼这两则，气息很合口味。4.本片为阿莫多瓦年度十佳之一，哈哈。,2015-03-08
48,伍德与夏洛蒂,4,实在是太可爱，6个腹（逗）黑（比）故事都是蛇精病实体，最喜欢司机互殴和新娘闹场那俩，剪辑冰冷又时尚，复仇反转剧配上炸裂的镜头语言让人哭笑不得，每次看阿根廷电影都觉得西班牙语都变得更好听了，真是好看极了。#上海电影节#,2015-06-29
49,品客,5,婚礼上的仇恨看似最不可调和观影情绪肾上腺素直蹦顶点，却被原始的欲望和本能化解了，这是最大的讽刺。,2015-04-12
50,方枪枪,4,可能是另一个版本的《天注定》，但更黑色幽默，有人说，比《天注定》好，对此不能苟同。毕竟是两个不同情景下的导演心态，这部电影，导演更加戏谑和逗趣，但却没有《天注定》中批判的直接和力道。,2015-03-15
51,杨迪,5,撕！撕！撕！大撕逼！,2015-05-04
52,心生,5,充满趣味与恶念！把人性中最丑陋最邪恶的地方统统放大，进而制造出这些极具戏剧效果的段落！当然，最后还是留了点希望的。,2015-06-04
53,LORENZO 洛伦佐,5,赞爆了,2015-04-28
54,哪吒男,5,啊！不愧是[不散]的年度十佳啊！！,2016-01-19
55,大奇特(Grinch),4,撕逼故事会，怒从心头起，恶向胆边生。结果有时却是物极必反。《小炸弹》那部戏简直就是乔.舒马赫《城市英雄》的翻版，同样是戴着斯文眼镜的主角、失业、堵车、女儿生日和倒霉催的遭遇。,2015-03-19
56,九尾黑猫,3,三星半。厮杀的很嗨很过瘾，当一切都用暴力解决，世界真的更美好吗？表现手法很好，就是触不到问题的本质，所以离精彩还差一步。,2016-03-31
57,五色全味,4,這不比《天註定》好多了嗎？喜歡最後一個故事的處理，之前一系列故事的控訴反建制復仇便猶如婚禮現場鬧的超級大龍鳳，發洩過後還是要學會諒解和重新上路。電影中不時顯露的黑色幽默也使它在憤怒之餘不失一份寬容。,2015-04-17
58,你大豪爷,5,建议出成剧，名字叫《Avengers》,2015-04-24
59,nomad,2,港译其实很精准,2015-03-25
60,乌鸦火堂,5,超爽的短篇集，各有特色，魔性、野性，最喜欢第三个撞车故事，“殉情”的结尾没把我笑死，冲动成就有缘人,2018-05-28
61,老晃,4,最近看最好玩的电影是西班牙的《蛮荒故事》，前几个其实也没啥大意思，特像中国人办的操蛋事儿，关键压轴那场“婚礼大战”太精彩了，逆转逆转再逆转，撕逼都撕成那样了，还能一吻定乾坤，麻痹，也想参加这样奔放嗨屁的婚礼。。。,2015-03-10
62,耳田,3,你们就跟风吧,2015-03-09
63,幻覺大師,4,拍短片拍到一定水准可以尝试这样拍电影啊，除了餐厅的故事其余5段的剧情张力和黑色幽默感都非常足，个人最爱公路死斗一段，仿佛是致敬斯皮尔伯格《决斗》。此片比《低俗小说》不足，比《天注定》绰绰有余，特别是和后者一样都是在黑这黑那，但低级和高级的区别显而易见。,2015-03-03
64,SingLesinger,5,真赞。脑海里兽性的音量只被推大一点，却得来惊天动地的人性拉扯。期待导演以后全片只讲一个故事。,2015-05-27
65,请保持高冷,3,一般般，不是很喜欢独立章节的影片,2017-04-22
66,羚羊的灵魂,4,里面的行为有些可理解  有些无法理解  比较喜欢炸弹叔叔,2015-06-05
67,JulyChan,5,充满戾气又到处机灵可爱的电影，好喜欢这种无政府无秩序无逻辑不开化的蛮荒态，报复心才是人类未经驯化的原始本能，强烈、执拗、蔑视伦常、佛挡杀佛。,2015-02-26
68,bamboo,4,一部有毒的电影,2016-07-29
69,曾于里,4,火气真大，将人的某些潜隐欲望释放出来，因此观影过程相当爽,2016-03-05
70,[已注销],5,#siff#没记错影城一号厅一共鼓了四次掌吧。看完这片不能白看，从自己做起，对影院不文明现象要上演荒蛮故事真人版,2015-06-17
71,SydneyCarton,4,三星半，就是个良莠不齐的短片集。最喜欢的是公路那场和婚礼那场：一个酷似斯爵士的《决斗》，单挑对决内在张力够足，另一个虽然夸张，但绝对够劲，《消失的爱人》啰嗦半天的人家一场婚礼就讲清楚了，《消失的爱人》讲不清楚的它也点到了，未婚人士默，已婚人士泪。,2015-03-14
72,左胸上的吸盘,4,很好看，呈现出来的一切都没什么差池，编剧对情绪的推进相当冷静啊。最后一个故事对我来说基本是感同身受了，但我不觉得这俩人能好，正常人不会要那种生活的,2015-04-23
73,[已注销],4,最爱第一个和最后一个,2015-06-23
74,皮革业,4,果然是各国人民喜闻乐见的故事会格局。,2017-06-21
75,Q。,4,最后一个故事真是个棒棒的结尾。★★★★,2016-02-14
76,冰红深蓝,5,奥斯卡最佳外语片提名，劲爆狗血的黑色喜剧。六段故事主题各异，张力十足，核心是“失控后的暴力”和“复仇”。麻雀虽小，五脏俱全，每个故事都节奏紧凑胜似惊悚片，转折无数强若悬疑剧，于冰冷荒诞中辛辣刺骨地批判了政治腐败、社会弊病与个人文明外表下的自私与偏执。最后一个故事大爱！（9.0/10）,2015-02-28
77,VeryC₿,5,每一段故事都可以单独拍一部电影了,2015-12-26
78,私享史,3,这片和《天注定》完全没有可比性，短评里那些说《天》不如本片的真把自己当歪果仁了吧。话说回来，《天》若是拍成这种黑色讽刺喜剧范儿，那些人又得叽歪小贾是隔靴搔痒绵软无力。《天》的几个故事围绕一个共同主题展开，是一个完整的剧本。而本片几个故事毫无关联，更别说各个故事的水准差异也忒大了。,2015-05-09
79,方洛洛,5,今年看过的好看电影里最酸爽的一部。序的小故事和最后婚礼的故事让我手痒到想改写成小说。司机斗气的故事用生命诠释了冲动是魔鬼；最爱的是炸弹哥工程师的故事，结尾看哭了，因为我和他骨子里是一类人。社会规则如果是强奸人的规则，别人都心甘情愿被强奸，我们却一定会跳起来，与这个规则斗争到底。,2016-01-01
80,挑灯看剑,5,第一次看阿根廷的片子，很久没给五星评价了,2016-01-02
81,大宸,4,最后一个最棒！,2015-08-11
82,drunkdoggy,4,看着看着俩观众撕起来了 观众之一是我,2015-06-06
83,米粒,3,整个片设定确实比较像天注定，不过拍出来效果很不一样。竟然喜欢贾科长多一些，虽然两个片子都是展示暴力而已。追车二男有点像斯皮尔伯格《决斗》的另一种发展，那车祸公子哥故事应该就是阿根廷版的《孩童姿势》了。另外港译片名“无定向丧心病狂”好像是骂人的话...,2017-11-24
84,郭连凯,5,69 更喜欢港版的译名——《无定向丧心病狂》。6个独立黑色复仇故事，一个比一个长，一个比一个有戏剧张力，一个比一个荒诞无稽。剧本太好，观影过程爽快到拍手叫绝。算作2014年作品的话应该会是年度十佳之一。,2015-03-03
85,维舟,4,黑色幽默，举重若轻，最后一个故事的新娘演技印象最深。看的时候想起2004年那部《撞车》，但那讲的是洛杉矶这座移民城市从“熔炉”变成了彼此各不相同的个体组成的“色拉钵”，因而琐事也能放大，引发种种碰撞；但在《蛮荒故事》里，人际摩擦还不是因为个体差异引起的，倒不如说是某种骤然爆发的非理性力量——这很像是一战前的欧洲，在理性、进步与繁荣之下，通往非理性世界的大门已经洞开，最终发现那其中才蕴藏着更强大的黑暗力量。所谓“蛮荒”，大概就是原有的文明、理性、法律之类的约束力弱化，人们在不可压制的自我激情驱使下，人人各自为敌——吊诡的是，这本身却很可能是个体得到解放的结果。,2018-12-15
86,[已注销],5,被驯化和规范着的文明，会在何时顷刻土崩瓦解。我们都是猛兽，其实都该独居。,2015-03-22
87,太龌龊欧蓝德,5,可以给十星吗,2016-08-08
88,阿飞,4,从开始的全部毁灭，到中间的两败俱伤全死掉，再到最后小夫妻俩的“高潮”，就像是复仇的过程——从不惜代价弄死你全家，自己也受伤以后，解脱了，如获新生,2016-05-10
89,朱老板,5,ICBC,2016-03-21
90,猪头妖怪,4,有风格，够疯狂。尤其是最后一个故事，如果要上法庭控诉拉丁民族的神经病，那个简直可以当物证了……,2015-02-27
91,猪头小队长,5,精彩。除了开头和结尾两个故事有些“离奇”之外，其他的故事都具备很高的合理性，这更增加了现实的荒诞。现实主义题材的黑镜。,2018-11-03
92,托尼·王大拿,5,每一个章节都似曾相识，但却能拍出全新的感觉，以暴制暴刻画人的动物性；话说故事写的生猛邪性其实不是个事，但镜头还耍得那么溜真是屌炸。,2015-10-29
93,獨孤島主,3,作天作地仇胜海，嘲南笑北自寻坟,2016-04-10
94,Eco,3,故事这东西，越来越不能引起我的兴趣了。为什么每次看到电影花这么大的成本就是为了给你讲好一个故事，我就觉得是暴殄天物呢？喜剧最终演变成一种闹剧，我们每个人都很空虚，我们需要别人的故事、别人的生活来填满自己的这份空虚。故事终究是这个社会序列中的一部分，因为它许诺一种短暂的逃避。,2015-10-04
95,古尔齐亚,5,太尼玛好看了！！！！我喜欢！！！！真的好蛮荒啊！！！！编剧跪服太赞了！！！,2017-09-22
96,坦克手贝吉塔,3,司机互殴最棒,2016-02-09
97,徐若风,4,《天注定》喜剧版本，比它燃无数倍，因为抓住的是无定项抓狂的无语小事，而且也没有过度的符号滥用。观感超好，看过的最好玩最好笑的阿根廷电影，民族特色也很强。有着鲜明商业价值的文艺荒诞无稽片。,2015-02-26
98,胖达叔,4,此剧最大的特点在于以极快速度营造一个失控的情境，人物情绪失控/情节随之失控，此时故事掌控的水准就得以彰显。人类永远是愚蠢的典范，正是有了愚蠢，我们才得以瞧见人的卑微。,2016-02-15
99,朱老板,5,ICBC,2016-03-21
100,is4dog,3,就那样…平庸而不太好看，感觉是很年轻的人在装深刻。,2015-08-15
101,猪头小队长,5,精彩。除了开头和结尾两个故事有些“离奇”之外，其他的故事都具备很高的合理性，这更增加了现实的荒诞。现实主义题材的黑镜。,2018-11-03
102,Clyde,4,“复仇”主题集锦片：六个暴力小故事，全都来自人性的荒蛮——睚眦必报（全机覆没）、快意恩仇（餐厅复仇）、恶恶相向（两车互殴）、只认死理（车场爆炸）、贪婪博弈（顶包事件）、撕逼大战（婚礼混战）。暴力之余，带有许多黑色幽默的成分，这也是该片和《天注定》的最明显的差别。,2015-02-26
103,Peter Cat,4,还是挺好看的，但是也就止于挺好看的。,2015-09-16
104,托尼·王大拿,5,每一个章节都似曾相识，但却能拍出全新的感觉，以暴制暴刻画人的动物性；话说故事写的生猛邪性其实不是个事，但镜头还耍得那么溜真是屌炸。,2015-10-29
105,古尔齐亚,5,太尼玛好看了！！！！我喜欢！！！！真的好蛮荒啊！！！！编剧跪服太赞了！！！,2017-09-22
106,Yeoman,5,具备传统故事的不可磨损性和寓言性，近题材来说分开拍成5部也未尝不可，与贾樟柯的《天注定》相比，导演虽然也使用新闻速写式的节奏，但紧紧把握住问题的本质，而脱离了地域、意识形态和时效的局限。,2018-09-25
107,熊阿姨,4,没有大家口中说的那么精彩，配饭视频一次一个还不错。,2015-06-08
108,梦里诗书,5,六个看似独立的《蛮荒故事》，却又恰能互成排比将寓意给以了极佳的升华，且每个故事的剧情张力皆几近充盈，那文明世界所发生的野蛮与荒诞，就是今下被浓缩的现实，电影不但辛辣讥嘲着社会乱像的种种，更揭示了人性阴暗面的丑陋。,2015-03-29
109,蜉蝣,4,惊喜之作！精心编排的黑色荒诞喜剧。狂放失控又肃然起敬。公路烧车和黑色婚礼两场都是看过的同类型设定中处理得最好的。边看边感叹“哈哈哈哈导演（也是编剧）是不是疯啦！”,2015-03-09
110,大头绿豆,4,参差不齐。第一、三、六最屌。,2017-04-11
111,余小岛,4,第一个故事好厉害！,2015-04-03
112,筷喜旺,5,最后一段可太好看了！！,2017-11-15
113,大水冲了龙王庙,3,虽然某几个故事题材似曾相识，但并未封闭，更容易让全世界观众接受。,2017-05-03
114,嘟嘟熊之父,4,《天注定》是悲天悯人的上帝视角，所有角色都在与社会对抗，水火不容势不两立；《荒蛮故事》则是伺机而动的猎物视角，所有角色唯有苟且生活，在死亡边缘挣扎，求生不得求死不能。两相对比高下立见，这便是符号与人的差别，所谓不破不立，想要鸣不平，得先把自己打碎。,2015-02-26
115,影随茵动,4,脑洞够大，除了公路相杀那个故事略压抑，其他都还好。减掉一星因为是无关联的六个故事，如果设置个内在的联系会更NB。,2017-05-23
116,nomad,2,港译其实很精准,2015-03-25
117,laurenshmm,4,婚礼故事可以独立成篇，太过瘾！,2017-01-05
118,奶奶的熊,5,今天我在Badoo上遇到一个阿根廷姑娘，我说“你们国家的《荒蛮故事》真鸡巴好看，每个人都特别的brutal。”她问“你看黄片吗？我能不能看你的鸡巴？”,2015-03-10
119,沈十六,5,最后一个婚礼的故事，我只想说：我去！我去！我去！爽到爆，感觉导演太牛了！,2018-04-08
120,Mr. Infamous,5,居然是短片集，然而每个故事都像一包爆炸糖，劈里啪啦地，炸着人心中的压抑与愤慨——那么多似曾相识或大同小异的境遇，那种邪念被贯彻后真是何其解气。虽说暴力与蛮荒，但这种幻想的爆炸宣泄，恰恰剑指了官僚主义、贪腐、歧视以及不仁不义，太赞。黑色荒诞，肆无忌惮，爽，喜欢。四星半。,2018-02-22
121,木一,4,叙事风格浅白之余感官刺激强烈，公路戏和结婚现场都是点睛之笔。把兽性与失控摊在无常的命运阳光下，最终却依然相信激情与非理智的力量，倒不如说冲动才是人类的一切。,2016-08-18
122,麦子麦子酱,4,hmmmmmm 完全理解最后一个故事呢🌝🌝🌝🌝,2016-07-31
123,子文东,5,很久没看到这么狂野的电影了~ 完美释放负能量！这才是复仇者联盟好不好？！在我心中昆汀从此被超越！最后那场婚礼尤其棒，多少婚得这么结才能百年好合呐！祝看得开心！！！,2015-06-22
124,李濛Lemon,5,最初以为是升级版《9号秘事》，再往后看发觉本片在人物心理刻画上比《9号秘事》高明不少。当人的情绪先于理性占据大脑，内心让恶念有了可趁之机，他就会一步步地走向失控，最终做出荒诞野蛮却契合真实人性的行为。本片刻画得最好的地方就是文明人走向野蛮的过程。P.S.最后一个故事的结局好温情。,2017-05-07
125,mOco,4,剧作很精巧，视听超娴熟。尤其喜欢炸了该死的交警队（步步推进毫无废话），疑似殉情的路怒司机大厮杀，砍价哪家强的车祸顶包和其实是真爱的血色婚礼。,2017-11-29
126,浮影人生,5,整部影片充满拉美风情又现实无比。单元故事短小精悍，几乎每个故事都令人意犹未尽。六个故事的起因几乎都是每天发生的人们生活中的小事，最终失控皆因放开了人性中恶的闸门而走向了极端。最后一个故事残忍得令人不能直视，但结局却是全片的点睛之笔，提升了整部影片的高度--最终化解一切的是爱与宽容。,2015-03-17
127,btr,3,在IFC看了个院线片。马马虎虎。感觉像一部电视剧集的四个大纲（同质），没有细节，一如其暴力解决一切的粗放态度。黑色幽默的部分也没有太好笑。,2015-04-06
128,林格,4,失控才是常态，压抑其实变态。,2016-09-03
129,火娃,5,9/10。天道好轮回，苍天饶过谁。这导演去拍巴尔扎克的《人间喜剧》一定会很棒！仇人爆云霄、厨娘杀官僚、相搏无人区、爆仇交通局、车祸引贪婪、小三闹婚礼，疯癫人性全程高能，故事走向神鬼难测，万万没想到是合家欢结局，用欲与死让你领悟文明社会的荒蛮真缔，那些装深沉来象征恶的文艺片通通滚边站！,2015-02-28
130,杨大志°,4,电影接地气，完全没有那种象牙塔里放出的圣光一般的俯瞰和孤芳自赏。,2017-05-02
131,刘康康,5,每个故事的脑洞都好有趣,2015-05-17
132,肖浑,3,这哪是什么恶与兽性啊，完全就是一群蠢货和神经病嘛。其中两个故事就是《无人区》和《全民目击》的复制而且还拍得不如国产片好。,2015-12-05
133,谭不爽,4,一点儿都不荒诞，太现实了,2016-01-13
134,probe,4,拉丁狂欢版的天注定，每段因暴力故事背后都暗示着阿根廷社会的现实矛盾。可贵的是，在揭示政府腐败，阶层仇视，拜金主义等显像下，是人性更本质的东西，贪婪，欺骗，怨恨。同时，最后唯一一个用两性间的爱来成功遏制住暴力的表达也颇具拉丁式浪漫的理想主义。影片镜头很成熟自然，音乐尤其具有黑色幽默,2016-06-01
135,韩景峰看电影,4,虽然它看上去更像是短片集，但是电影出色表现出来的累积至爆发的野蛮具有严格的统一，也在情感上成为一部能够超越国界的电影。《蛮荒故事》是一部很暴力的电影，但是暴力显然不是它的主旨，它的主旨在于这些暴力所表现出来的幽默感和荒诞性，然后让观众来思考人类和现实的荒诞。,2015-04-08
136,连城易脆,5,这种荒诞黑色风格的拼盘电影确实很容易收获好评和青睐，而且确实拍得还不错，只是很容易在这6个故事里看到其他故事的一些影子，比如第一个飞机复仇让人想到《东方快车谋杀案》，第三个路怒症则联想到《无人区》，第五个顶包案又有点像《全民目击》，整体风格又类似《天注定》，但是主题上又不算太一致，就是都比较野蛮而荒诞。对人性、社会、制度等各个方面也都涉及到了一定层次的批评和讽刺，总的来说看着是有较大的趣味性的，可以满足很多人内心对于复仇、对于暴力的想象。,2020-02-01
137,木由,5,每一则故事都很戳中我的点，开放式结局不能更棒。尤爱婚礼一则，最后运镜下热吻吻的癫狂新人双双压在餐刀上，地上的蜡像与破碎的蛋糕遥相呼应呼应，开放给我们婚姻的无数种可能性。太喜欢。,2015-10-26
138,彭萦,4,精彩精彩 六个故事都不错,2015-04-05
139,彌張,4,前四个故事都想说“至于么”，只有最后一个峰回路转，都蛮有趣很戏虐，奥斯卡外语提名这五个都不错（Leonardo Sbaraglia好久没看见他辣~）,2015-02-26
140,安德烈大叔,4,开了脑洞的拉丁族裔，抓住了真正的黑色幽默，这些对现实生活癫狂式的讽刺，来源于他们没有阉割过的自由与奔放，they got balls！！,2015-03-03
141,＃巽＃,4,最喜欢第一个，第三个的车震画面太美太感人，最不喜欢最后一个撕逼婚礼，但是新娘子演得很好 【港译名好评，不能更生动精准，台译名差评，不能更矫情做作,2015-09-17
142,Line,4,狂放而带劲儿的荒诞，干脆利落的暴行。爽快淋漓得非常适合毁灭型人格抑郁症患者。起初盼着最后揭示故事之间的联系，后来觉得这样大概更好，生命本如此。喜欢结尾。,2015-03-05
143,猱困困,4,喜欢：两个傻逼撕逼撕到一起赴死，和未婚夫妻撕逼撕到就地fucking秀。,2019-02-24
144,nikki,4,飞机、老鼠药、抢道、拖车、顶包、婚礼。拖车跟婚礼的结局不太喜欢，其它都很棒,2015-05-05
145,盲忙,4,虽说稍显刻意，但我是真的太太太太喜欢婚礼那段了！！！,2015-03-14
146,水浒三国金刚,5,“肇事逃逸篇”好于“拖车爆炸篇”好于“空难篇”好于“婚礼篇”好于“公路乱斗篇”好于“餐馆篇”,2015-03-30
147,红豆♥,5,想马上回大学去炸了滥用职权给我罚款的图书馆老师,2017-11-13
148,花都满,5,西班牙就是能把欧盟的那种衣冠禽兽的气场表达的淋漓尽致啊啊,2017-11-12
149,草威,3,中产阶级批判大观+玻璃心复仇集锦,2015-03-29
150,摩西不夜奔,5,最喜欢工程师那段,2015-07-10
151,木二开,5,和天注定异曲同工，精神内核是一致的，生活中不经意的暴力,2016-01-03
152,我是墙墙,5,公交车坠江事件想到了这部两年前看的电影 生活远比电影荒诞 电影是一对一 现实是牺牲了一车15人的生命,2018-11-02
153,随遇而安,5,完完全全我的菜！太棒啦！我热爱黑暗，也热爱阳光。,2015-07-31
154,安东妮,5,我要是贾樟柯看完我就烧天注定胶片,2015-04-04
155,留白也精彩,4,同样阐述暴力，达米安更多使用冷幽默，一面让人爆笑，一面让人思考。,2016-05-22
156,马克爱马克,4,工商银行的标志，是现实与荧幕之间、艺术与生活之间的伟大桥梁。影片而言，黑色幽默小品之作，六部短片水准不一，基本涵盖从牛逼到平庸各个级别。,2015-06-25
157,Panda的阴影,5,1.其实，我有点怀疑，有心理疾病的他怎么成为飞行员？还把那么多“仇人”骗上飞机？2.恶有恶报，但这报应有点过了；3.个人感觉最荒诞、最黑色、最有趣的一个故事，他们的性格铸就了最后的悲剧；4.这个偷车，错了，拖车的故事挺牛逼；5.联想到《全民目击》；6.这对新婚夫妇和《消失的爱人》那对有一拼。,2015-03-13
158,诸葛若见,4,酣畅淋漓的复仇。把所有仇人拉上飞机，开着飞机去撞人，属实暴躁。,2020-07-04
159,jagpumpkin,4,SIFF18. 复仇的因果关系在六个故事中逐渐被消解，从必然走向随机，愤怒却越烧越旺越来越失控，最后完全交给冲动和动物本能。看完电影后发现电梯停运了，绕路去车库取车时一辆车横亘挡道，寻人不着，值班室门大开，电话已经坏了很久蒙了一层灰，整个车库空无一人…这场景好黑色幽默，和这电影很合衬。,2016-03-29
160,哪吒.秀莲.虎虎,5,久违的猛片，电影就应该这么拍。要讲啥就直接讲，不拖沓，有转折，铺垫短，处处有惊喜。,2015-04-06
161,小米=qdmimi,5,开车扣满分别组织学习了，集体看看这个片吧，人生里的每个路怒症时刻就是生死攸关的拐点啊。,2020-04-19
162,calf_lau,3,No.37 这是一部被严重高估了的电影。几个故事之间表达的完全不对路，那既然这样，我不如看短篇故事集。,2015-03-19
163,小能七九西,4,颇能抓住人性中突然freak out的那些瞬间和精髓，尤其在同样魔幻现实主义的社会中。很有实现性与创新性的佳作，虽然没想象中那么优秀。,2015-12-29
164,Paco,4,好几个故事都看不出是在黑政府，这更多是一部关于仇恨的电影。极端方式表现它存在于人与人之间的发源、爆发与愈合。精彩至极，但也局限于精彩。,2015-03-08
165,国产凌凌期,5,人人心中都有一头蛮荒的野兽：1.开篇第一个坠机的故事，短小精湛震撼人心 2.第二个复仇的故事稍微显得无聊 3.穷山恶水出刁民，干死这种乡巴佬我毫无意见 4.炸弹哥，天朝需要你 5.可惜被敲死的不是海淀银枪小霸王 6.乐极生悲，矛盾是可以互相转化的，于是有了一个Happy Ending.,2015-04-30
166,二月早春,4,在自己婚礼上识破准老公请来的同事里有一个是他的地下情人，然后控制不住到天台痛哭，遇到出来溜达的厨子好心安慰两句，不知出于报复心理还是一时感动竟然干柴烈火了。,2019-12-10
167,淋,5,张力十足，不知不觉看完了！简直是魔性！！~论出门看黄历的重要性，园丁出门被秒他的五十万就这么飞了，又或者给律警两人分掉╮(￣▽￣)╭最后一个故事新郎新娘都扯平了，他们艹过和被艹过的人都在婚礼上23333【中指引发的血案和最后的婚礼真是太赞了！！,2015-06-17
168,davekozg,5,拼盘电影很难做，比较讨巧的处理是有条时间/感情/事件暗线能最后收起来。像本片这样能够全凭自己独立故事立起来的片子很罕见，导演见功力，编剧尤其见功力，必须赞两位！每个小故事篇幅都很有限，但细节的处理实在见功夫！ #拉美的电影小说音乐真是有非常神奇的艺术魅力啊#,2015-02-23
169,NullPointer,3,回味起来还是第一个劫机的故事最酷。。。其他都不值一提。,2015-07-07
170,安东,4,哈，真是各种负能量的传播者啊。,2015-03-31
171,Lunar C.,5,最后一个故事莫名戳中泪点。宇宙级奇葩的一部电影，骨骼都不能说是清奇得说是变异了，却又是那么贴近生活贴近人性，每个人都该看看，保证里面能看到不一样的自己。2017开年最佳，看完感觉整个人都清醒了。赞！,2017-01-22
172,坍塌,4,蜻蜓点水，流于表面，把每个故事单独抓出来精心打造或许更好。★★★☆,2015-03-19
173,小白兔吃猫饼干,3,作为一部电影很合格，能让人一口气看完，但没有什么出乎意料的地方，荒诞得很刻意，按说阿根廷的德性半你国，只发挥到这个地步，编剧还不如他们政府努力嘛,2015-05-08
174,Comel,4,有意思,2018-04-03
175,KinG羽,5,一路神反转的六个复仇段子，黑到骨子里的黑色幽默，每个故事都充满恶意和荒唐，却让人忍俊不禁，为他们的疯狂，为他们的无奈，为他们的尴尬处境。脸上笑着，头顶冒汗，心底发凉。前有英剧黑镜，现有拉美荒蛮，一样的精妙，不一样的酸爽。,2015-04-18
176,岸边露伴一动不,3,只是想要荒诞吗，其实我可以给你更多,2015-03-06
177,枯藤和老虎,4,"1、飞机7'34""；2、快餐店杀人10'06""；3、在路上18'14""；4、爆炸专家22‘53“；5、肇事逃逸23'28""；6、婚礼29'47""。最喜欢排序2、4、6。1是序幕，比较戏虐。不喜欢5，可能是类型原因，突然正经起来。3按说不错，缺了结尾情节的反转，稍稍差一点。",2015-02-26
178,铲铲,5,看完很震撼。尤其最后一个故事。,2015-05-14
179,#地狱少女可可#,5,真是用生命在生气啊,2016-01-27
180,papa,1,·,2020-05-11
181,TWY,4,从头到尾都是亮点，6个小故事都特有意思，黑色幽默+荒诞讽刺，粗看简单粗暴爽快，细看折射残酷现实，拉美式电影都太魔性了，绝对的佳作！9/10,2015-02-24
182,给艾德林的诗,3,全部且最大的意义就是提供一种情绪发泄方式，配合到拉美那个盛产魔幻现实的地域，总有很多感同身受的带入性...,2018-09-20
183,sosovipp,5,极品剧情。,2018-09-26
184,尼梖可,4,开头就被深深吸引......,2017-06-21
185,二十二岛主,5,回归到了人类最原始的荒蛮心理，这么一比较，《天注定》确实还是有差距。,2015-03-19
186,绿色和平,5,喜欢最后一个故事 ,2017-04-22
187,Roland,4,最后那场婚礼太赞了，意料之外情理之中，真是让人眼前一亮。开场第一个故事最有趣，汽车抛锚那段最血性。餐厅和车祸还行。工程师那个最后结尾不太好，有点太刻意了。小故事还是紧凑点好，扔完包袱就走，拉太长了，想讲道理的感觉就出来了，,2015-03-28
188,易老邪,4,短小精悍、轻松好看。,2016-03-20
189,晚不安,5,阿根廷版《天注定》，获戛纳和奥斯卡提名。六个故事独立成章，却没有各自为政。缺少必要衔接，反倒浑然一体。人在失去理智之后会做出什么反应，《荒蛮故事》告诉了我们答案。一旦动物性占据统治地位，复仇情绪便开始肆虐。如果社会丧失了公义，个人就只好诉诸暴力。其实生活远比电影更荒诞，更艰难。,2016-02-12
190,stacey,4,名字翻的好 荒蛮故事 满满的人性的荒蛮 存在的荒谬 导演是讲故事高手,2016-02-09
191,尧尧,3,一件小事就足以使人崩溃 果然人还是要淡定 千万别用暴力 不然死的很惨,2015-04-02
192,blueshadow,5,拉丁民族才是真正战斗民族。恶趣味，味道足，地道,2017-10-12
193,突围,4,"看到铺天盖地的cue科长，吓得我赶紧查查天注定是不是13年就送戛纳了。你不能让一个现实主义导演去学拉美怎么拍荒诞现实。《天注定》是相当具体的现实语境下的、愤怒的、悲悯的、极具人文关怀的批判作品，基于具体社会事件的再创作；相较于前者，《荒蛮故事》则有更大的剧作空间，来酝酿那些滑稽有趣的故事，做社会实验、人性实验，在视听语言上也更自由。 一个站着指天骂地，一个坐着讲寓言说道理，你不能理所当然认为站着的那位很low。
另外，《天注定》的电影性也不比这部电影差。",2019-05-26
194,BOSS米我要,4,体检前一晚看的电影儿，果真对不对路看两分钟就知道。又暴力又黑色又喜剧又令人超入戏的，实在担心由于太刺激而会影响体检结果神马的啊。,2015-05-17
195,Obtson,3,阿根廷段子电影，但简直就是照着穿过地心另一端的某国拍的。你有你的无公害，我有我的理想国，离经叛道之余洞见社会百态。六个故事中，最喜欢肇事顶罪的那一个，其他几个多多少少都有些魔性到失真。另，有几处镜头机位好特别。,2015-07-06
196,白日美人_S,5,The pleasure of losing control ,2016-09-21
197,周冲,5,原来是阿莫多瓦兄弟制片，一切荒诞与极端，都可以被解释了,2015-08-01
198,zts,4,撕成这样的夫妇还能在一起？三观已被刷新,2015-04-11
199,toto,4,各式各样的撕逼大战，阿根廷人民恶狠狠的幽默。,2015-04-21
200,[已注销],4,ICBC是怎么混进去的？#天注定#,2015-08-31
201,朝阳区妻夫木聪,4,感觉还是比《天注定》高明太多了，虽然也不能这么比，毕竟风格差太多。荒诞讽刺，黑色幽默，极尽癫狂戏谑。几个小故事之间虽无关联，但又相映成趣，张力十足。谁敢说荒诞的生活不是生活呢？人性啊人性。最喜欢第三个两汉子公路撕逼的故事。生活如此美好，我却如此暴躁，这样不好不好。,2015-04-01
202,宅拾叁,4,敢想不敢做的都做了，内心的恶面全面爆发，所以不管给一星五星都会至少有看的很爽的一个故事，大致只是价值观认同的问题了。剪掉餐馆那一段就给五星。算15年。,2015-06-28
203,起床，吃饭,4,拍得很棒，就是故事没有特别出乎意料，基本都能猜到大致结局。太狠了，拉美人民真有魔幻精神。,2020-04-09
204,大耳朵_,4,让人啼笑皆非的故事,2017-05-04
205,隔壁LEO在唱歌,4,太他妈爽快了,2015-05-12
206,carina,3,……最后一个真是不要太棒，尤其是把小三甩向玻璃的那一刻，我的妈呀，肾上腺素都要飙出来了，相爱相杀,2015-06-16
207,雅诗兰豆,5,从疯狂的社会拼图中透视现实人情，真是环球同此凉热，相当的感同身受！更难得的是夸张的情节中不失合理性，人物感情细腻可信。与《天注定》相比，少了造作，多了流畅。构图运镜颇为讲究，演员们也是不能更棒。炸药哥和婚礼大反转这两个故事尤其有意思。,2016-05-01
208,H!karu,4,人欲显然是最荒蛮的野兽。,2016-02-13
209,鬼腳七,3,噱头大于故事,2020-02-15
210,快门,4,究竟是电影本身荒蛮还是真实的生活更加荒蛮。,2017-08-01
211,汽车大师,4,南美天朝，原来我痴迷我阿二十五载不是没有缘由的,2015-04-25
212,.瑪 德 琳.,3,最后一个是什么鬼,2018-05-25
213,扎扎木,5,跟《黑镜》类型差不多，只不过并不科幻，而是非常贴合现实。,2018-03-13
214,王富贵,4,最喜欢最后一个故事，简直《消失的爱人》精华版。,2015-03-14
215,orbit,5,小心眼奇趣集。持续喷发的报复心。最后的最后，原谅最温柔。那一伸手，太艰难又动人,2015-07-22
216,影毒肥佬,4,8.9/10,2017-08-26
217,不流ᝰ雾岛夜随,4,个别有闪光，整体还行吧。,2015-07-04
218,萝卜特别圆,4,冲动和贪婪是魔鬼。生活充满无数矛盾、黑暗和挫折，刹那间的暴力冲动往往会引发难以收拾的蝴蝶效应，对社会、对人生的讽刺和残酷犹如冰渣深入骨髓。克制而冷静的叙事方式，点到为止却意味深长，人性的探究和剖析值得品味，荒诞不羁，黑色幽默，精彩绝伦，拍案叫绝.,2016-03-12
219,张苑希,4,真脑洞大作，太流弊，1、3、6都挺不错的，尤其6简直刷新三观开启新大门。音乐风情，人物立体，剧情饱满，黑色幽默，就是故事的质量参差不齐了些，以小见大，影射暗喻，千姿百态，叹为观止。,2015-07-26
220,linsang,5,年度最佳终于诞生啦！！继《登堂入室》之后又一心水佳片！好久没有抱着电脑不暂停的看完一部片了，表象荒诞让人忍俊不禁，背后却都是一只只可怕的恶魔。可怜之人必有可恨之处，可恨之人必有可怜之处。这并不夸张，都是在脑子里打过转的场景，别不承认。,2015-11-06
221,T.V.Zoe ி,4,编剧教科书  适合当作业,2018-02-08
222,饼,4,最后结婚的那个故事就是告诉我们，没有什么事情是一炮不能解决的，如果有，那就两炮,2017-04-23
223,[已注销],5,老鼠药过期，是更毒还是不毒？,2018-06-09
224,斩杀,5,看撕逼看得很欢乐。,2016-07-05
225,嘉木│,4,1，3，6。神经病就该跟神经病在一起,2015-12-26
226,生人回避,4,予人施暴，予己施暴。,2017-10-07
227,年级第一朱朝阳,5,生活里一些微不足道的小事，往往会成为杀人的利器。,2015-11-21
228,雨夜飞行,5,充满张力和悬念的电影，几个故事是在当下的窘迫中杀出一条血路。最喜欢最后一个婚礼上相爱相杀的故事，当她忍无可忍癫狂放肆之后，他依然能够无奈地向她伸出包容的双手，这么懂的人，不是真命天子是什么？,2015-03-26
229,回望长安已苍老,4,无定向丧心病狂，这个名字着实精准,2015-11-03
230,豆丁,5,说是喜剧，其实都是悲剧,2017-11-02
231,宝宝果酱,4,同样阐述暴力，达米安更多使用冷幽默，一面让人爆笑，一面让人思考。,2017-05-02
232,闲人,3,和《天注定》有本质的区别，《天注定》写的是在极端环境下引发的暴力，一句话就是社会逼的，这很无聊而且没意义。《蛮荒故事》里面的人物本身就有暴力倾向，他们都是偏执狂都是“刁民”。,2015-04-20
233,光's猫撒,5,有2个故事印象深刻,2015-09-13
234,基尔,5,简直是把生活里遇到操蛋事的内心戏全都演出来了 最后的婚礼虐者虐着最后竟然被治愈了,2015-10-23
235,文森Vincent,3,百无聊赖的生活下的一丝异常，比如冲动，妒忌，恨意，较真……荒诞的故事，然而野蛮却是真真实实的人性。★★★,2015-04-25
236,小蚂蚁不撑伞,4,看的时候觉得莫名其妙又丧心病狂，回味一下又觉得蛮不错的。ICBC出现的那一刻我简直惊呆了...,2015-10-09
237,桃尔卡,5,2015最喜欢电影,2016-02-05
238,撒旦的表妹,4,拉美人民都是暴脾气😂  第四个以暴制暴和最后一个相爱相杀的故事真心赞,2015-10-02
239,Haleyrink1897,4,b站已阅 爽文集合 这种片出一个可以四星，如果跟风那就没意思了,2020-10-18
240,yocofcjx28,5,非常好看！几个故事岁短小但精悍，不长的篇幅将故事说的那么精彩，全程无尿点！,2017-10-11
241,河北上将文丑丑,5,以往也看过这种几个独立小故事组成的电影，但是像本片每个小故事都很精彩的非常难得,2015-03-09
242,煤十斤公爵,5,和贾樟柯的《天注定》类似，同样6个故事，6个处于边缘状态的灵魂。对于“文明”社会，他们做出了如此“荒蛮”的事，却并不荒蛮，只不过是对生活的无奈转化为的反抗。却又不同于天注定，多用荒诞的黑色幽默。手法比贾成熟许多。反映的也不仅仅是社会现实，还有人性中“恶”的一面及因果报应。5星,2015-08-19
243,U 兔,3,限于篇幅让很多故事进展得有点单线程，而且并不是非常的爽，拍摄也有点粗糙，节奏快，就是不能给观众太多思考余地，否则容易出现让人觉得无法信服的部分。最喜欢而且觉得最具有荒诞性的是两辆车打起来那个，笑了好几次；拍摄最讲究的是餐馆下毒那个，构图打光都觉得很好，故事也不错；婚礼那个一开始所有人的关系就有一种塑料感，更愿意这样认为：是创作者故意做出来的吧。第一个其实应该是吸引人的，但做的不酷（更何况能实现这么多人不知情上同一个飞机简直是难到只有一厢情愿才能达成的情节吧，那么上飞机前的事不是更值得书写么），睚眦必报、心理扭曲、最后还伤害了两个无辜的人，这样的“复仇”怎么也让人共鸣不起来。但全片表现的当代感是很喜欢的。三星1是因为没到爽点，2是总评分比我预想高了太多。,2020-04-12
244,凡不凡呀,5,公路故事和婚礼故事简直牛逼,2016-02-29
245,国王KING,3,集中在人性的杀戮与破坏上。每个小故事都被引入最坏的结尾。,2015-05-30
246,塔拉胡,4,阿根廷版世界奇妙物语。但是看完第三个故事，觉得这就是日常之怒庸常的恶。,2020-02-16
247,幻影刺客,5,每一个故事都很有意思，侧面了解到了阿根廷的腐败。,2019-02-18
248,karwaii,4,建议改图改到想杀了甲方的时候可以看看，爆发你原始的冲动，造福人类。,2019-01-05
249,某J。624,4,原来是六个独立故事构成的，短小精悍，起承转合太有意思了，每个都几乎张力十足，不过整体还是有点层次不齐。公路“殉情”和结尾婚礼两个最好玩。,2020-05-18
250,大灰狼的兔,5,阿根廷年轻导演达米安·斯兹弗隆，凭借此片，一战成名。6个关于爱恨离愁的荒诞短故事，你看见了哪些怨愤、复仇、暴怒，似曾相识？最喜欢公路那段和最后婚礼那段，谁也没有放过谁的，最后同归于尽；那么大的欺骗伤害的，反而宽恕了彼此。一念一世界。,2016-08-12
251,羊男的乌鸦,3,最后上演了消失的爱人。我们要彼此亏欠 我们要相互折磨。最喜欢那个飞机的开端。,2015-03-12
252,V.Dunham,4,带有南美短篇的文学性，精悍且充满活力。不是专横的蛮荒，更有骨子里的浪漫和童趣。,2015-03-01
253,林三郎,4,开场飞机上的故事相当惊艳，中间的路怒故事够野蛮，紧接着炸弹专家的复仇几乎是全片唯一让人感同身受的故事，片尾的婚礼谈不上喜欢，但最终的和解与狂热拥吻真是点睛之笔。,2017-04-07
254,畸小山,4,短篇小说集。以后能出个短片大师就好了，老子就拍短片，打死你们丫的。最喜欢婚礼撕逼，这段里的人最走心了。,2015-05-06
255,#ArtfulDodger#,4,最后的婚礼活生生地拍出了天涯直播的感觉……,2015-04-04
256,bay135,4,四星半。。NB啊！要不是短篇集，妥妥的五星,2017-05-17
257,小重山,4,几个小故事连缀，还不错。汽车上两个难舍难分、拼死争斗的焦尸；替主人顶替的仆人，头骨碎裂声。,2018-11-22
258,面白饭Θ☉Θ,5,哈哈做人还是不要太钻牛角尖，每个故事居然都能让人发笑，讽刺也好无奈也好。,2016-09-16
259,第十个缪斯,5,心中的超五星 太喜欢了,2016-12-16
260,J,5,卧槽！！！！！！这种小故事拼接我就从来没看过有意思的。,2018-02-05
261,我不在的一天,5,每个故事都好看,2019-04-20
262,書衣偵探華斯比,3,人被各种愤怒压抑久了，总会爆发！爆发的那一刻确是畅快的，但只觉得戾气太重。,2017-06-02
263,Arist,5,看到重庆万州的事件，想到了这里。,2018-11-02
264,不列颠下的蛋,5,我简直要爱死这部电影了！一个个最平常的故事经过意想不到的发展趋势演变成荒诞的结局，有趣惊讶又耐人寻味，这样的编剧才是真正会讲故事的编剧！,2015-03-10
265,feeling,4,影20166：现实主义大片！这样的故事何尝没有发生过！某些暴力是因为……，远离垃圾人。婚礼只是个闹剧，不会长久。报复心重的伤人害己！,2020-03-23
266,科尼斯堡的邮差,4,"8/8.5
开场就被魔性的飞机哥给震惊了
为工程师点赞
敢直面现实更敢于去与之抗争的人是每个黑暗时代的英雄
我们披上文明的外衣逐渐走向了腐化堕落的歧途 对于文明的野兽来说 也许暴力才是最终的解药",2016-07-07
267,支离疏,4,最后一个故事看嗨了。。。,2015-03-17
268,小熊QQ,3,不太喜欢色调，泛黄的画面，愤世嫉俗中年男人的视角，有几个故事非常不错。,2020-03-27
269,辣舞斯旮雷特,2,婚礼为什么要量血压？有几个故事还行，有的故事是凑数的吧。,2019-09-05
270,沙漠里的一条腿,4,最喜欢1/3/6。感觉这片子代入感很足，会让人不由自主地想，如果换做我，我该怎么做。,2018-10-10
271,半个桃李林檎,3,段落式故事，还不如看Sexual Tension Vol 1里的cocktease荤段子呢,2015-03-19
272,文森特,4,给劲，到位。真应该拍个中国版的，北京的公共场所里有的是素材。,2015-04-21
273,小东邪,5,爆炸拖车那个特别像俄罗斯式小说，被制度逼疯的普通人，一个环节的错就像推倒了多米诺骨牌，然后哗啦塌陷。,2017-12-23
274,坊や,5,每个故事都很精彩！情节表达触动人心深处。最喜欢第三个故事。西班牙电影都很好看。★★★★☆,2017-05-21
275,允许困难,5,震惊到我全程嘴巴张成O字型，合都合不拢！虽然是部黑色喜剧片，但是在最后一个故事天台那段，又意外有着普通爱情片都没有的真爱火花。“那晚的夜空像渔火，我们在渔火中完成此生最后的拥吻。”,2020-04-25
276,chequel,3,#柒捌捌〇看电影#1、以暴易暴，荒蛮但真理；2、这几乎不都是我《无奈者的天堂》的主题嘛，爆有共鸣感；3、第三部Ricardo Darín的观看记录。,2015-08-30
277,小Q有强迫症。,4,荒诞，黑色，压抑，讽刺，哭笑不得。,2017-01-09
278,八月槎,2,没觉得好,2016-04-06
279,小王子,4,最后那个故事里的女的那么作，我觉得她丈夫婚后的生活会更加精彩呦~,2016-08-28
280,Matchstick,4,我们用整洁的套装，豪华的居所，便利的生活隐藏起自己的本性，但当仇恨来敲门时，我们还是会像wild animal一样为复仇的快感而狂欢。,2015-03-29
281,卢子鱼酱,5,第二次看三观不正的电影。不过我怎么这么喜欢！！！！！！第一次是《天使的性》 貌似都是西班牙的！！！！尼玛！！！！,2016-01-16
282,林子要好好学习,5,今年我的十佳之一。最喜欢飞机、追车以及最后的婚礼,2015-11-11
283,[已注销],3,荒诞是足够荒诞，但是似乎也只剩下荒诞，这也许就是这些琐碎故事的共同点了。,2018-02-05
284,一,4,每个故事都很棒，反映的是6种不同的复仇状态，释放出了人的恶，虽然如此狗血，却又是如此的真实，真实得值得你自己反思自己。每个故事，结尾的选取，总是让人觉得津津有味。特别是最后一个，引人暇思。充满了无数的可能。,2018-12-29
285,珍妮的肖像,5,婚礼这个真好，片尾华彩,2017-11-04
286,希声,4,不要逼我，小心暴走。,2016-06-05
287,seabisuit,4,好片不怕看得晚，尤其是这几个小故事题材可以说是不新鲜，但他能全程保持那种不知要发生什么或者里边角色要干的事情能满足观者的心理需要，在影片里把那种愤怒的情绪发泄出来，同时讽刺力度又是那么强，这种感觉真是过瘾。其实好多时候身处现代的普通人离那些暴力事件只是一线之隔，后想很恐怖。资料馆,2017-05-14
288,Anamnesis,4,实在喜欢首尾,2015-08-16
289,蓝抑郁剂 Lily,5,每个故事都很有薄点。从第一个故事开始惊艳，到最后一个故事，虽然也有过于无厘头和黑色的感觉，但是编剧秒杀一切了,2018-07-11
290,451½°F™,3,以私人情绪化侵犯为缘由，最后以情绪化的方式达到宣泄，「蛮荒」的意义尽在于此，不过编导的立场还是暧昧而动摇的，对于这种「原始冲动」的归宿与评价一片模糊，也只适合同样毫无立场的观众口味。,2020-05-28
291,劉咳暝,2,太无聊了，一群疯子。,2015-10-06
292,软糖莫爷,4,一群神经病，偏执极端，完全猜不到这些神经病下一步要干嘛，还真是无定向丧心病狂；除了婚礼和炸薯条，飞行员、两个司机、撞死人顶包、爆炸哥几个故事都喜欢,2016-02-06
293,六月。喵,5,生活往往比电影更荒诞,2019-06-02
294,蒜 | BOY A✎,4,世界如此美好，你为何如此暴躁,2020-10-14
295,公民阿良,4,大家都希望恶有恶报，但是没人愿意动一根手指去做。你要为自己骄傲，孩子，悲惨一生中总算做了有价值的事。,2020-02-05
296,深邃,4,这就是黑镜缺少了高科技元素的产物嘛～,2015-02-28
297,微喵的兔姑娘,4,Nice!!!!,2018-07-19
298,阿朽,4,西班牙爽片,2020-07-06
299,冷杉,4,6 个小短片。话有稍稍点多，其他完美,2020-05-05
300,Leon,4,报复社会，报复仇人，报复政府，报复老公，报复小三……看起来爽爽的，生死看淡，不服就干。另，特别喜欢最后一部分，婚礼尾声，新娘看新郎的小眼神，既爱又恨，既委屈又愤怒，还有点难舍难分……他们的婚姻生活会不会幸福不知道，但一定如他们的婚礼一样刺激精彩，哈哈,2020-08-24
301,蕉农,5,炒鸡有意思！！！！,2015-04-25
302,不懂相负,5,从小故事展现更多的社会现象和揭露人性，手法很巧妙，一些反转的剧情也让自己笑起来，脑洞大开，相当不错！,2017-05-25
303,hitlike,4,黑色电影佳作，讲好-好故事，导演那强大的掌控能力令人折服。,2015-03-06
304,无敌的我 @ 头发快点长,3,小故事组合的编排我还是更偏爱love actually式的小温情，黑色幽默的荒蛮与直白更适合作为心理悬疑长篇，意犹未尽。几个小故事里最喜欢最后相爱相杀婚礼开始的场景，比起参加过在朋友圈看过的演戏般又平淡的婚礼现场，蹦迪泡吧式摇滚音乐跟着节奏摇摆的婚礼现场简直是不能更棒了～！,2016-02-24
305,第七大陸,4,黑色荒诞中描述人性，很喜欢第一个和第三个故事。,2017-01-16
306,Lonely,5,9.0/10 分。。。我是如何从一个人见人爱、花见花开、车见车载的人，变成了癫狂的、疯狂的、痴狂的、精神病患者的故事。。。,2016-04-14
307,Flug_G,2,一点也不蛮荒，完全没有惊喜,2017-04-02
308,Shah™,4,有点意思但又没有那么有意思。3星半,2015-04-07
309,vieplivee,5,现实超越了魔幻，直接抵达新境界。好久没看过这么刺激的电影了。看来还是新导演值得期待。,2016-01-10
310,Vamei,5,六个复仇的故事。编剧太有才。画面语言也用得很到位。,2017-06-15
311,Whatever,5,6个独立的小故事都很好看，喜欢第一个（飞机报仇）第三个（司机较量）第六个（精彩婚礼）,2017-09-26
312,一匹讲故事的马,4,喜欢公路自相残杀、爆炸师复仇以及婚礼撕逼三个故事。尤其最后一个故事，道尽婚姻一万次杀死对方却又一万零一次决定在一起的真相。,2018-07-16
313,情不知其所起,5,过了个瘾,2019-01-09
314,空灵赌徒,1,人物都歇斯底里 情绪化 无理取闹 就算是有理取闹吧  我就恶心这样的 还凑一块了  虽说看完了 但挺讨厌的 『2016.05.25 腾讯』,2016-05-25
315,我爱阳光,5,太尼玛棒了！尤其喜欢工程师和复仇新娘的故事，真是屌炸了！,2015-07-28
316,周成莞,5,这几乎是我在荧幕上看过的最牛的短篇小说集，黑色幽默和讽刺的教科书。特别推荐春晚导演和中国小品的创作者们反复看。结构上像《天注定》，但强不少。,2017-05-13
317,沐渔,3,六个开头很牛逼结尾很太监的半成品故事。,2019-08-17
318,砍省,3,照天注定差远了，更让人失望的是，很多片迷的价值观有问题，把心胸狭隘，有仇必报当作声张正义赞扬一番,2016-02-07
319,c. velasquez,5,"讲故事的功力真棒 配乐很好 大众接受度好不意味着这片low  二人相争的故事最后一句台词“crime or passion?"" 何尝不是同样适用于婚礼的故事（小型肛狗  最喜欢爆破工程师的故事 结尾吹蛋糕蜡烛时他脸上的闪光让人想到什么？安排炸弹时的闪光  开篇各种野生动物的特写 想说的不仅是残酷 是残酷的美（学",2015-03-17
320,雁城,4,个人失控和社会失序交互的故事群。比较喜欢第二和第三个，有比较intense的情绪累积和荒诞粗砺的走向，而其余的最多算是黑镜的低配版本。虽然故事和故事之间的相互独立是此类电影的普遍操作，但意义和气质方面的缺乏呼应还是令人遗憾。说得直白点，我看不太出它要作为一部电影，而非迷你剧集的必要性。,2017-10-30
321,Laven,5,Fuck you all！,2017-08-28
322,非虚构,5,不作死不会死，爱上了片头故事！劳资喝多了，甭逼逼，你们都去死吧！,2017-11-20
323,hvangwei,4,我想看个喜剧，却巧合的看了几场撕逼大戏。最喜欢第一个，一个没落下,2017-08-06
324,慕奇蘭,4,四个字评价这个影片叫做“鸡儿梆硬”，只看了一半就觉得非常喜欢了！如果我做导演的话这就是我要拍的影片，暴力才是人类永恒的母题！！莫道君头硬，更有硬头人！！！,2018-01-18
325,有寂,4,工程师和婚礼不错  序章南美小说感觉,2015-03-12
326,阿紫,4,看得胸闷，有几个复仇复得太狠，有几个复得不够狠，我的黑白人格在左右摇摆,2020-04-01
327,Alice梦游仙境,5,荒诞又真实 是生活 拉美人民多奇志,2018-11-02
328,龙皇,5,"触目惊心，惊心动魄。喜爱排名如下：
第1名，公路斗气，真实地反映了人失控后做的错事，结局让人大跌眼镜，远离垃圾人。
第2名，肇事背锅，意味深长，讽刺深刻，可惜嘎然而止意犹未尽。
第3名，爆炸专家有点偏执狂，对社会不满，固执自私任性，有理却未能正确表达，纵然你是对的，但在缴费窗口跟收费员申诉有什么用，砸玻璃、投简历更表现了其狂颠冲动不顾后果的性格，果然是个技术直男，性格决定命运，看来只有监狱才是最适合他的，不要担心生活，还被狱友和网民尊重。
第4名，同一架飞机，有点意思，但有点荒唐太巧合，大家不要欺负老实人，不管他是不是倒霉鬼。
第5名，老鼠药，有仇报仇，善恶终有报，但有点突兀。
第6名，婚礼惊变，女主一开始笑得很开心，知道真相后就疯狂了，新郎最后不是把她杀了，就是和她互相谅解或折磨过一生。",2020-03-02
329,旧书君,4,西班牙的风土人情真是格外亲切。复仇了五出戏后最后一出居然和解了。神来之笔。希望最后一个故事出长片。so cute ,2018-03-11
330,冰块队长,4,结尾wtf。不过我的婚礼上也要放Sia的歌,2017-07-27
331,AsuraHu,5,拨开每个文明人的外衣，都会看到野蛮的内里。精彩程度如正弦曲线一般的故事分配：劫机报复、毒药刀捅、车内爆炸、吊车爆炸、车祸顶包、婚礼闹剧。黑喜剧风，有笑点，有厚度。把愤怒都消解在了讽刺中，揭示“不应该”在现实生活中的普遍，更显出社会顽疾。这样的举重若轻，比控诉更有力。,2017-05-13
332,夏昊在拍电影,5,这就是我以后想拍的电影,2015-03-15
333,子非材,5,"6个小故事，个个有趣，个个高能，个个反转，个个荒诞，还个个都似乎合情合理，这就足够了不起！
但整体明显是零散的，没有像《低俗小说》那样串联先前散乱情节并最后爆发的结尾，这点是令我遗憾的。",2019-06-04
334,Mathilda,4,第三个我笑死了，我先前吃鸡的真实写照,2019-02-24
335,身是客,3,炸停車庫活像天朝寫照。,2016-07-07
336,YangYang,5,角色视角都有足够的代入感 佩服,2015-05-18
337,飞鸟栖枯枝,4,“嗨呀好气呀可还是要保持微笑”的另一种可能~,2017-02-26
338,阿茶,5,拉美写手脑洞大，拉美人民欢乐多。长短不一的复仇小故事，充满幽默、讽刺与荒诞，却是人心深处被压抑的罪恶幻想的现实主义写照。片头精致有趣，人不过衣冠禽兽；每段戛然而止的结尾留韵。,2015-03-24
339,爆米花教主,5,最后一个故事，新娘的复仇，太给力了,2015-07-09
340,西希弗的石头,4,最后一个故事很有趣，也是最为暴力的故事，新郎新娘明知道发生过的事情将会是今后生活的噩梦，但仍然把戏继续演下去，维持现状比改变更为暴力。,2016-01-20
341,血源2出了吗？,4,觉得一点都不荒诞，现实得很,2015-08-15
342,圣墟,4,始于荒诞，更止于荒诞，故事有点流水,2016-11-22
343,pepper 安,4,西班牙的电影果然很多惊喜，一开始看前几个小故事没啥感觉，就觉得怎么没有逆袭没有包袱，真的就因为一些小事就挂了，看到后面发现有些灾难性冲突的起点真的就在微乎其微中，以至于特别紧张那个婚礼现场的故事也是悲剧，直到最后都提着一口气，结果没有想到啊,2019-07-04
344,朱熠,4,喜欢程度3>6>2>5>1>4,2019-11-05
345,穆如初,4,你方唱罢，我登场。人性本恶，谁没有个压不住火气的时候呢。很精彩。最喜欢最后一个，天台好美呀。,2019-06-19
346,沙力兔,4,一部讓人怒氣值max又覺得新奇無比的電影～三個人邊看邊吐槽不能更歡樂！片頭的野生動物都拍的好美 那個在橋邊反殺反殺再反殺的故事不要太搞笑噢 期待導演以後會有更多這樣子的作品～ ,2015-07-03
347,秋库布里克,4,【B】年度惊喜，故事个个好玩有趣，但也是太精心与情节编排了，反而故事编的不太圆，几乎每个都多少有些虎头蛇尾，当然你说这就是荒诞，那我也没话说。,2015-03-06
348,Socrates,5,简短有力,2015-05-01
349,川总,4,荒诞真实,2016-01-27
350,饭夫斯基,5,现实就是这样的，读新闻只是一笔带过，对身处其中的人那不幸的遭遇只有勾勒而没有描写。诉诸暴力只是因为此情此景都没能允许人们做出更好的选择。江湖讲究快意恩仇。爆发仅仅因为到处都是此路不通。,2018-03-04
351,小舞舞,5,分段式的黑色小故事，从不同层面讲述暴力的开端高潮和结局，不同的动因，会产生不一样的效果，很现实又很奇妙，有意思的展示,2016-11-10
352,文泽尔,5,这部是真的不错 西班牙的黑色幽默片水准一直在线,2019-12-17
353,朋克大帝,5,司机骂声娘，大娘除流氓，爆炸是艺术，砸死替罪羊，滥交报复你，故事很荒唐,2016-03-06
354,半日光辉,5,有些小瑕疵，不过没关系,2018-01-02
355,一种技术,4,剧本真好,2019-11-20
356,大波罗霸,4,荒诞的大起大落，片头很有意思，最后一个故事反转的有点惊呆了……,2015-04-13
357,厦门雷少,4,故事不错。狂野了些。,2016-03-21
358,Noel,5,Out of Control！,2019-03-15
359,浑浑噩噩,5,果然戏如其名，够野蛮，够荒诞，无论科技怎么发达，社会怎么进步，人始终还是动物，基因里还是会携带那种原始的兽性，野蛮，暴戾，丛林里有法则，弱肉总被强食，但角色并没定格，你总不会是狮子老虎，或许你只是绵羊白兔  ,2019-05-03
360,bayer04,3,既没有很爆笑也没什么剧情大twist，安静的小讽刺一点都不好玩！好失望,2015-04-08
361,艾晨,5,蛮横社会，荒诞现实。故态萌发，事魇不断。简单粗暴，直截了当。帅！,2015-03-24
362,心台,4,最喜欢炸药哥的故事！,2015-05-15
363,哼哼.floweray,5,别动不动和天注定扯上，贾樟柯哪有这么喜感？,2015-03-08
364,阿吉娃娃,4,六段荒蛮故事，一曲黑色幽默，暴戾社会，失控人性。比较喜欢炸药工程师的故事，一个平民好人如何在社会压力下一点点积攒怨气爆发出反社会人格，值得人深思自省。,2016-02-11
365,且歌且走,4,精彩是精彩，不过也只是段子集,2015-05-11
366,二货云,4,真的是爽爆了。直白，粗暴，每段都是精华。,2019-08-26
367,69.DDC,5,特别喜欢第三个故事，一奥迪白领在乡村公路上遇上奥拓哥，相互调戏后奥迪超车疾速前行，不料不久后爆胎搁浅桥边，奥拓赶上，奥迪缩在车里任由奥拓羞辱，倆继续互相调戏，只是事态升级了，最后俩车都掉河里去了，倆都死了……,2015-05-19
368,欧富贵&LOL,5,哈哈 人真的就是这样了,2015-07-02
369,Zhang Yixin,4,作死的100种方式。西班牙电影就是可爱,2015-11-05
370,Killjoy,5,贼喜欢！,2017-08-18
371,伽树,5,迷你版黑镜,2015-09-04
372,丁卯,5,婚礼>斗殴>顶包>爆破>毒杀>空难。Hasta que la muerte nos separe。如果深爱，相爱相杀也不错吧；如果没有，那就做一个理智而无趣的人吧。,2020-03-16
373,望月封道,4,在这个无聊的小时代，蛮荒所带来的更多是有趣。,2015-04-02
374,C,4,音乐棒,2015-06-12
375,爱在午夜降临前,5,那些我们愤怒时想干却不会去干的事。,2016-08-30
376,Neroat,4,印象最深的三个故事是：从后厨冲出来几刀捅死政客的大妈，公路上路怒族相互殴打最后同归于尽，结婚典礼上相爱相杀癫狂报复又和好如初的夫妇。很多时候，人还是需要更多的忍耐力和包容心啊，要不然一点小事也会招致杀生之祸了。,2019-09-08
377,奔放的招财猫,5,带感,2015-07-07
378,高尔吉亚,4,炸弹哥很犀利，但现实里不可能有人会冒这个风险做这样的事情。倒数第二个，很符合现实。 最后一个故事的结尾不符合现实，只是导演给观众一点希望而已。,2016-05-26
379,攻围守,5,荒诞的背后，又何尝不是真实。,2020-10-16
380,Chuck,5,我最愛西班牙電影有沒有！！！從來不讓我失望！！！生活就是悲喜交加！觸底反彈，否極泰來，哭笑不得。,2016-01-01
381,宇宙真理猪大肠,4,6个独立的复仇故事，有长有短，蛮好看的。,2015-03-04
382,闫香菜,4,负能量满满的,2015-07-19
383,小仙,5,。。。。简直了。哈哈哈哈哈哈哈哈，好片！,2017-11-29
384,课堂.课本,5,哈哈哈，阿根廷版《天注定》。,2015-03-30
385,赛末点,4,最喜欢第一个和最后一个故事，最后一个实在是太精彩了,2016-01-17
386,小灰烬,4,酒神精神,2020-02-20
387,芒果游侠,4,无不荒诞然而无不真实。你以为自己在文明现代发达的时代，一念之下，世界仍然蛮荒。,2017-09-22
388,Visages,4,道德、犯罪与因果，其实是把每个人心中犯罪念头外化为主观能动，事件荒诞，极其讽刺。它展现的是扭曲的社会与人心，还有文明社会中的野蛮行径。,2016-02-21
389,宇宙塑胶魔怪,5,开车的时候不要跟神经病斗气,2017-11-10
390,姿,5,牛逼,2015-10-14
391,小中,5,因为工程师炸毁拖车公司这个故事，这部电影就可以给五星了。这个世界需要光明，需要正义。,2018-05-01
392,基督的中指,5,社会充满戾气，一定是体制问题,2016-09-29
393,爱睡觉,5,太他妈有意思了！！,2016-01-02
394,听说桐岛要退部,5,六个丧心病狂的独特故事，捧腹大笑的失控场面，从平静到爆发的精神转变，最后的一切又归于平淡，而故事更巧妙之处在于你猜得中开头，却料不到结尾。,2016-02-29
395,Lady Fiesta,5,屎尿血占全了的黑色复仇故事合集，第三个anti-gov的故事结束后全场突然响起了热烈的掌声。。。,2015-06-22
396,杨谧,4,西班牙电影,2015-07-08
397,亦枫,4,very dramatic,2015-04-25
398,听影客,5,看到中途想起了《更好的世界》，但看到结尾感觉并不相同。这6个人故事串在一起，似乎共同点是冲动。,2017-11-02
399,胡天翼,5,好生猛。,2015-03-08
400,东北洪常秀,5,六个故事各为一体，文本简练又充满戏剧张力，镜头语言丰富。故事荒诞又合理的发生在文明社会，肢解了文明社会中规则与道德的外在架构，漏出了内里已经扭曲不堪的人性或者兽性。众所周知，人类之所以与野兽区别开，是因为人能控制情绪并理性的通过逻辑行使行为，而电影通过强情节设置，迫使人的情绪失控，上演了一出出可悲可笑的悲剧。黑色幽默之余，预留了广阔的反思空地。,2019-07-16
401,合纥,4,电影有点有恶气无理喻的感觉，看着倒是痛快，不知道阿根廷人民会怎么看这部片子？六个复仇故事，有点荒诞、小失控，不过正是这种感觉，又恰恰很拉美。这么高的分数，还是出乎意料。,2016-09-20
402,七海,5,爱死了! 全部都是情绪游走、一念使然、爱恨情仇的酣畅与淋漓尽致,2020-04-05
403,fefe,4,目瞪口呆,2016-01-04
404,珠我好运,4,高级动物版《动物世界》，揭示了动物性是人的本性。,2020-03-02
405,冥想高潮,3,西式黑色,2015-12-25
406,N米,5,部部精彩！具有创意，曲折，接地气，微电影典范！,2015-03-17
407,海德,4,最后的婚礼故事实在有点过了。。。好喜欢那个激情犯罪的一对，lol 感觉剧本除了饭馆和结婚的，大部分还是都在意料之内，然而这种恶趣味确实对我胃口。,2017-04-05
408,更深的白色,3,有点意思,2015-08-31
409,叉烧包小队长,4,南美人民火气大【。,2015-04-23
410,凌麦儿,4,酣畅淋漓。,2015-04-19
411,mobscene,4,每一个故事讲得都很有代入感,2017-02-25
412,小愉深情款款地,4,“爆胎”和“皆大欢喜”两个故事最出彩。,2015-03-16
413,Dobby,5,拉美出奇才,2020-02-22
414,Enid,4,虽然略简单粗暴，但拍得干练看得爽,2015-09-19
415,桃谷仙人,5,婚礼的那个故事真是好评哈哈哈！,2016-04-10
416,麟,5,黑色幽默 讽刺的 荒诞的 故事 炸弹哥 疯狂新娘 相爱相杀的两个人 路怒症的极致,2019-03-17
417,喵星人不吃鱼,3,大概只有第一个，第三个，第五个，才是我想看的。最后一个应该拿出刀捅死才对,2017-08-17
418,孑然殇逝,5,生命中最抓狂的小事(台) / 无定向丧心病狂(港)，台湾和香港的译名感觉指向了两个完全不同的方向。不过这6个故事确实真是让人丧心病狂的生命中的小事,2015-07-28
419,朱朱朱古力♥,4,路怒症那个故事真是直击心灵 新年了要冷静,2020-01-01
420,阿Gin波尔迪,5,赞！好看！,2015-06-25
421,回味偏苦,4,喜欢炸弹、园丁和婚礼这三个，拉美果然是产荒诞故事的地方,2016-03-01
422,胖胖,4,最后一个故事太好玩,2015-05-09
423,翟墨子,3,3.5,2015-06-14
424,布拉德痞特儿,4,有些荒诞吧，但拿捏的还算稳当，有借鉴也有创新，如果不是最后一个故事的最后让人跌掉眼镜的一段，也只能算是导演的卖弄之作。,2016-03-03
425,张兮兮,5,你逼我逼你。1100,2016-06-22
426,夏小白,3,全员撕逼。野生人类动物园。,2020-01-25
427,莱尼圆,4,电影开宗明义讲述人的动物性，即人在什么样的情况下会回归动物本能，复仇并追求所谓的公平正义，而产生的冲动、疯狂、暴力、贪婪，不受控制、不计后果。六个暗黑荒诞的故事很有观赏性，皆蕴含着讽刺与幽默，人的举动有时愚蠢可笑，却又同时发人深省。片头职员表和动物照片数量对应很是有趣。配乐赞。,2015-10-19
428,souvent,3,单元故事，突然爆发的野性。,2015-03-23
429,一匹马赛克,4,魔幻现实主义哈哈哈。荒诞而真实。优秀短篇故事集。,2017-01-12
430,阿莱,4,如果互有关联 会更好,2015-11-11
431,ziqian,4,"今年看过最生猛的片子，洪荒之力大爆发
",2016-08-20
432,小尾巴mori,5,神剧情 不要挑战一个人的底线,2016-01-31
433,一小片,3,3.5南美的还是不对胃口，说黑幽吧也不像别的片子那么淋漓尽致。司机和合婚礼还不错，拍摄手法不喜欢 ，开车那个广告太硬,2015-05-15
434,戎夷先生,5,短篇故事集，特别对口味。人们久在文明中，容易忘记自己是动物，野性是本能。天时地利人和一齐，人的本能就会涌现出来，而文明此时在野性面前不堪一击，这种条件或是压力，或是仇恨，或是利益，因人而异。认识到这一点，才能更清晰地认识他人和自己，看开点，看轻点。1很有创意，偏执而痛快。2里女主的心理才是最有意思的。3又真实又好笑。4里的憋屈和荒诞最让人感同身受，政府是“文明的”高级表现形式，呆板低效是文明的代价。5是“我爸是李刚”背后的故事。6是我最喜欢的，认识到婚姻和爱情是两回事，应该也是生而为人的一大坎了。你欺骗我，我报复你，我们反而能好好的结婚，坦率的做爱了。六部短片，看的痛快淋漓，又怅然若失。,2020-02-25
435,太阳的倒影,3,被骗了…超普通…,2015-04-27
436,旺角反骨仔,4,牛逼，六个故事各有亮点，全都很有趣，把黑色幽默表现到了极致，而且根本猜不到结尾。除了餐厅的那个故事外，每一个故事我都很喜欢，而片子的配乐，剪辑和镜头运用也都很合我口味，实在很赞！,2020-04-17
437,Superhat,4,罪案短篇集，根本停不下来，看完又觉得故事一般，就像一口气看完毒笑和怪笑，或者细思极恐暗黑小剧场。画面清晰干净，煞有介事，犯罪激情爆表。没有特别喜欢的地方，感觉差点烂尾。第一个画面像有意突出国旗色，哈哈；片头的演职员介绍很幽默，so wild。工商银行亮瞎了好吗。,2015-04-02
438,南野树,4,司机互怼、夫妇相杀这两个故事好看,2017-12-06
439,张的礼拜七,4,大跌眼镜，就离谱,2020-11-19
440,收,4,再忙也要看电影,2015-03-13
441,陈独瘦,5,MD，太好看了，最喜欢最后一个,2018-04-22
442,素衣染天香,4,最推荐的就是那个路怒。。。荒诞又真实。,2017-03-30
443,[已注销],5,赶紧出短篇小说集,2015-03-28
444,司徒雷登不要走,3,本以为是动物世界，是兽般的人性解剖课，不料独立章节就地打散黑色讽刺的力度。最爱的故事是结婚，其次公路司机双杀、开头飞机失事。,2020-03-22
445,yuanhan,5,2015最精彩。,2016-04-01
446,Diebiang,5,这个电影有个好处，可以分好几次看。,2015-05-09
447,锅蒸之鱼,3,忍一时风平浪静，凭啥？退一步海阔天空，偏不。故事虽然都是黑色幽默，但能激起“小心眼儿们”强烈的共鸣。那好，让我看看哪些豆瓣好友给这部片子打了五星……,2018-04-04
448,Nicκ,4,人性恶，仇恨主题，政府腐败等。后面四个故事不错,2018-01-07
449,妖怪dodo,5,婚礼那个太NB了！不行了！精彩！！！Bravo！！！！！,2015-09-04
450,艾爵,5,彪悍的人生不需要解释哈哈哈哈,2017-07-22
451,简草,3,气性大的阿根廷人,2015-04-13
452,萩,4,为何我感同身受········因为我有病！！！,2016-02-16
453,pksky,5,加百列复仇记+老鼠药杀人犯+路怒同归于尽+杠精炸弹客养成记（最佳）+趁火打劫讨价还价的顶包案+相生相杀的婚礼闹剧…把社会、阶层、体制、政府黑出翔，文明社会的现代荒诞故事…,2018-12-31
454,米麒麟,3,6th disgust,2015-07-15
455,蔣不,4,暴力是失序的叢林中唯一共通的語言。並非所有人都按照正反打生活。,2016-03-06
456,糖仙贝,5,虽然是去年的电影 但肯定是我今年十佳了 又名“让大爷不爽的都得死！” 1456绝佳,2015-12-07
457,梁氏佑卿,5,大神作,2015-11-25
458,dblddx,5,让人对失控的人性无话可说,2019-08-16
459,W I l l,5,超正！,2015-03-15
460,西罗亚光明,4,【又一个酒神附体的电影，有笑有泪的复仇大赛，库斯图里卡的黑色味精，昆汀的血色糖精，加点马卡维耶夫的迷狂春药，好玩。这片和《天注定》的最大区别，就是我们只剩下填充胸臆的戾气，而阿根廷还保留着无政府主义的癫狂。】蛮荒有致的黑色幽默咏叹调，复仇、暴戾、荒诞、撕破文明、爆炸式快意，过瘾！,2015-03-14
461,wise爱喵咪,4,喜欢公路追车和拖车这两个故事,2015-10-20
462,午夜疯铃,5,反复看了很多遍,2019-04-27
463,Gawiel,5,黑色幽默神作！每个小故事都有着欧亨利式的结局，但比起欧亨利简直是人在气头上，飞奔炸裂的节奏感，贫富悬殊官僚腐败的社会问题也恰到好处的做了荒诞的大背景,2016-07-22
464,钾碳铀氟,4,比起评论说的台译，我还是认为荒蛮故事更能表现出本片深处的精髓。在荒蛮原野的动物，这是我们，这是我们荒诞又野蛮的世界,2016-01-12
465,[已注销],5,真操蛋,2015-05-18
466,/\ 隱廂。,5,这个简直太棒了吧,2020-02-12
467,逍遥吧,5,ICBC赞助了，六个愤怒,2016-12-23
468,迎风追,5,都是抗争。,2015-03-17
469,#やま#,3,就是一堆短片咯？作为长片放有点偷懒的感觉。。。,2017-12-06
470,zergback,5,几个短片组成，黑镜的感觉,2016-11-05
471,feet,4,每个故事都耐人寻味,2017-01-08
472,Anondot,4,(๑•̀ㅂ•́)و✧,2015-02-27
473,毛,4,忧郁症治愈剂,2015-03-01
474,话事人,5,真正的硬核！西班牙电影拿出手的要么怪要么狠,2019-05-06
475,kkk,4,大晚上看完睡觉竟然做了一个非常暴力的杀人的梦。,2019-12-02
476,陌上尘,4,愚蠢的冲动,2018-03-06
477,墨貘,4,看完最后一个故事，差点忘了前面几个在说啥…,2020-02-25
478,鲸落51.7,4,六个独立的故事，串成一个荒蛮社会的缩影。它们都和复仇有关，然后都抛弃了更好的路，走向了困局。,2016-01-03
479,陈裸,5,爆破专家的那个故事编得非常妙，首尾各种嵌合，嘲讽力也强。至于最后的婚礼故事能产生这样的戏剧张力，导演对于节奏的掌控实在精准老到，学习了。,2019-10-12
480,Yome,4,這是個命題：如果你實施你一閃而過的罪惡念頭,2016-01-15
481,bathball·巴思柏,5,魔幻现实主义。,2016-11-27
482,说了我是黑无常,4,厉害死了，我有时觉得蛮夷都可以是褒义词。新郎新娘婚礼没有互相捅死吃了一惊，但是命案估计也用不着等太久。17.5.13 @中国电影资料馆,2017-05-13
483,已注销,3,故事很有意思，但不想再看一遍了－ －,2015-10-08
484,蒙牛,4,哈哈哈哈哈哈哈哈笑死了热评第一“天蝎座集体展示”,2020-11-18
485,人出没注意,4,6个完全独立的故事却一点不显零碎，很过瘾！,2017-07-10
