,users,ratings,shorts,times
0,kopde,5,to所有男生：别想太多。你们都不是马龙白兰度，不是阿尔帕西诺。,2010-03-05
1,账号弃用,5,"""Because a man who doesn't spend time with his family can never be a real man.""",2009-07-24
2,问津,4,2010-02-17 看过。对权力有清醒的认识才能写出这样的剧本。只知道引用台词或把此片当作所谓“男人圣经”的观众退散！,2010-02-18
3,大头绿豆,5,"男人。
千万不要记恨你的对手，这样会让你失去理智。",2005-09-12
4,獨孤島主,5,时隔八年有必要修正自己的观点，简陋之处依旧，而编剧与表演上的神来之笔多不胜数，回头重新品，亦可以发现《教父》带给观众的“大银幕”体验是足以驳斥掉持 反对论者的。一杀二场面中的短暂神色与打击数量，确实精确到无以复加。,2010-08-04
5,Shany,2,实在是不懂，也不想去懂，为什么人们会痴迷于这种类型的电影。每一个暴力的镜头都让我难受，我不愿意再去回想这其中的任何一个情节。我甚至觉得，把这样的电影奉为经典，即使它技巧高超，难道不是在暗中唆使更多的人去崇尚暴力吗？damn masculinity. it equals violence in some ways.,2012-10-03
6,私享史,4,当一个新生儿在教堂接受教父的洗礼时，教堂之外的死亡正在蔓延……,2005-11-25
7,恶魔的步调,5,讲述的是一个好孩子怎么变成老大的过程,2006-06-01
8,伍德与夏洛蒂,5,无论阿尔帕西诺多卖力，教父也只有一个，那就是永远的马龙白兰度。时代不一样，要走的路不一样，所以那个黄金时代，讲义气重家庭谈承诺的时代，永远回不去了。,2014-06-28
9,Q。,4,平缓的节奏蕴藏着巨大的权威和张力，音乐舒缓淡淡忧伤，利益博弈人性冲突。无论是演技还是镜头、音乐的运用，都给人以一种美的享受。而看这部电影是极其需要沉下心来细细品味，也无论何时翻出来重温都能有新的感受。★★★★☆,2011-02-01
10,刘康康,5,科波拉是有厌女症吧？这片子里的女人要么圣母得让人恶心，要么就傻逼得遭人烦，除了哭哭啼啼就是无理取闹。最后一个镜头，麦克成为新的教父，一道门隔开他的妻子，不是没有理由的。这是一个男人的世界。相对来说我最喜欢医院里那场戏，拍得相当有张力，第一场婚礼戏也喜欢。,2014-05-26
11,夏休,5,聪明的女人不会去揭穿男人的谎言，聪明的男人不会让女人知道自己在说谎。,2013-11-14
12,seki_iiiiii,5,这男人。。。牛逼又孤独吧。。,2008-12-08
13,同志亦凡人中文站,5,N年前看过英文原著，只记得是个血腥暴力的故事，想不到电影可以如此沉稳和大气，有一种史诗气质。大银幕上看马龙·白兰度，感觉膝盖好疼...,2017-05-12
14,徐伊景,4,生活是这样的美丽。剧情什么的都很不错，但有一句话我不喜欢，好像是说男人需要考虑很多，承担很多，但小孩和女人不用。用觉得有点性别歧视的意味。,2017-02-24
15,布宜諾斯,5,男性电影，没有打动我,2007-12-15
16,欢乐分裂,5,#SIFF2014#三小时内群像毕现，人物笔墨浓淡均匀，无闲笔；很多场面的调度堪称伟大，环境、声音、布光、道具浑然一体，如医院换房间那段，剪辑得太好，百忙之中不忘特写教父眼角泪珠，动静相宜；如洗礼与杀戮并行那段剪辑，可谓惊心动魄，在喜悦和冷血交错中教父二代逐渐升华定格。,2014-06-17
17,闻人林,5,年纪越大，这个片打分越高,2016-11-10
18,bayer04,5,当全世界都告诉你某片特好，不去看是：不对的,2010-07-22
19,朝暮雪,5,黑帮片的里程碑，也是黑帮片的天花板。,2013-11-04
20,隆咚锵,5,这是唯一一部值得5星的,2010-04-06
21,Obtson,4,“永远不要让任何人知道你在想什么。” 黑帮上升为哲学流派，一场闷骚至极的隐忍角力。接近完场的暗杀戏甚好，多线分层，与教堂弥撒“绑鞋带”，祷告、誓言、自我反叛，异己他者消亡、教父身份新生。沉郁静谧屡屡响起的曼陀林，一扇缓缓掩上的门。,2012-06-01
22,Q,5,不做愧疚内心的事，内敛，沉稳，勇敢，爱家庭，不自私，为爱的人挺身而出，虽然是男人必看的片子，但是作为女人还是学到不少。戴安基顿年轻时候太美了！最后一个小时精彩得我都没眨眼睛！,2012-09-04
23,阿茶,5,没想到这种女性完全失语的绝对男权影片能让我目不转睛揪心到凌晨三点……科波拉太会拍了。打光配乐满分。男性成长电影，虽重点刻画阿尔帕西诺逐渐成为新教父的故事，马龙白兰度的优雅却成为永恒的经典。开场婚礼群戏绝了，人物介绍和伏笔自然融入，相当巧妙。当然还是受不了男权者对这部片的集体高潮。,2018-09-08
24,白莲花,2,没错，虽然IMDb和豆瓣都膜拜成了神，但我个人的感觉就是只能给两颗星，又臭又长，毫无吸引力，也没讲出什么深刻的道理。装逼跟风者到哪都是一大堆，豆瓣也不例外。当然，也有可能他们层次都比较高，看出了源源不断的精髓。,2012-09-03
25,裸踝,3,完了，不喜欢这个电影一定是我自己有问题，不必安慰我。,2010-02-17
26,橘猫爱吃鱼,4,剧情不复杂，却在不经意间给人以深刻，马龙.白兰度的演绎无可挑剔。,2018-02-04
27,眠去,5,看多少遍都不厌,2007-02-13
28,c,5,之所以为经典，是因为在看了如此多模仿它的电影后，还是觉得它的出众。,2008-05-05
29,战国客,3,只能说，我欣赏不了,2008-03-18
30,鼓腹游,5,3个多小时，从头到尾，没半点沉闷，到最后也是意犹未尽。权利争斗，心狠手辣，阴谋阳谋，博弈算计，人性阴暗，像病毒一样深入到骨子里的人性挖掘。几乎所有权利斗争的始祖，完全彻底的影响整个价值观，不仅仅是电影。马龙白兰度的演技，令教父不朽。面瘫却又如此摄人威严，这正是他的个人魅力！9.6,2011-12-30
31,陆支羽,5,世影史：影片讲述了教父唐·科里昂的小儿子迈克尔如何成为新教父的故事，把小说中虚构的纽约黑手党塑造成一个实现美国梦的家族奋斗史。本片从警匪故事升格成一部关于追寻权利和使用权力的史诗，正式开启了奥斯卡的“新好莱坞”时代，更而拓展了黑帮犯罪片的类型，对之后的许多经典黑帮片影响甚远。,2008-08-31
32,米粒,5,结局太震撼！马龙白兰度，阿尔帕西诺，无一不是光芒四射啊。。。,2009-12-31
33,旅途人生,1,无聊有雍长的电影!作为电影实在是不敢恭维!虽然可能阅历不足!但是一部真正经典的电影是不同的人看有不同的感受!阅历多了的观后感到底是脑补出来的还是电影本身的意思?都说教父是男人的圣经!也没见圣经拍成电影啊！没有视觉冲击力的故事真的不适合拍成电影!,2017-02-27
34,魏小河,4,1，就像所有的粉一样，教父粉一样可怕，如果这是男人的圣经，我只能说幸好我不信教。2，是要从影史的角度去看它吗？它为什么得到这么高的荣耀？它在任何一方面有所突破吗?3，这种所谓“史诗”叙事在消费时代显得不合时宜，也许是我们异化了？4，我很喜欢开头那场婚礼的戏。好吧，也许经典是一种类型吧,2012-08-14
35,陀螺凡达可,5,大银幕重看，震撼翻倍。,2013-09-30
36,濛大板儿,5,全程都因为男主太帅捂着胸口哭泣。好想做Michael的性奴，被他用皮绳栓起来，看着忠诚于他的人亲吻他的手臂，被他用皮带在浑身留下鞭痕。,2016-05-28
37,影志,3,无感。,2005-11-09
38,大志的小耳朵,5,"只能给100分了，真的很棒，一个家族的奋斗史。目前只看了第一部，虽然是黑手党，但是老教父做事非常有原则，他的内在和他的外表一样实质都是善良柔软的。
第二代教父麦克，个子小了点，但真的非常帅啊，有点梁朝伟的感觉，为了家族利益拼尽全力，沉稳机智有魄力。",2016-12-27
39,阿朽,3,OK 很man不是我的菜 ,2010-01-28
40,伊卡洛斯,5,千万不要恨你的敌人，这会影响你的判断力。,2009-12-24
41,壳子,5,马龙白兰度是为戏剧而生的 这是我看完影片最直观的感受 教父目前为止仅看了这一部 一个伟大的人物必定是有情有义有责任感的 也许在这个年龄层次我还体会不到更深的东西 只是单纯地觉得这样的人才有魅力,2016-12-30
42,冰红深蓝,5,imdb排名第二的电影，据说是“男人圣经”。全片对光线的运用堪称一绝，剧情精彩，配乐独到，精妙台词数不胜数，两位主演马龙.白兰度和阿尔.帕西诺演技更是无可挑剔。不过由于自己阅历尚浅，很多内涵仍然有待发掘~ （9.0/10）,2014-02-03
43,(๑⁼̴̀д⁼̴́๑),4,"矛盾激化。圣诞前夕，索洛索劫持了“教 父”的参谋汤姆，并派人暗杀“教父”；因为内奸的出卖，“教父”的大儿子逊尼被仇家杀害；小儿子麦克（阿尔·帕西诺 饰）也被卷了进来，失去爱妻。黑手党家族之间的矛盾越来越白热化。
年老的“教父”",2016-11-24
44,修齐,5,麦克在西西里结婚一事，我不太能原谅。如果他爱凯，怎么能另娶？还有最后为桑尼复仇，杀了其他黑帮老大，其他老大没有儿子没有兄弟来复仇的吗？注定冤冤相报，因果循环。还是不看2、3了吧。,2014-08-24
45,非虚构,5,#拉片#内层由男人组成，教父居统治地位，一切决策均在这个圈内作出，这是个封闭的怪圈，教父书房门窗紧闭，光线昏暗，是这一封闭性的外在表现。外层由女人和孩子组成，婚嫁宴乐，谈情做爱，富裕欢快；婚礼在阳光明媚的花园举行，与书房形成对比，是个开放的空间。一个家族两个层次，是全片的基本结构。00:02:55，缓缓拉开。00:12:55，麦克一身军装出场。00:21:03，不经意间前史交代。00:33:53，马头。00:45:40，老教父中枪，简简单单，设计的异常好看。01:08:25，颤抖的手。01:16:35，有阅历的人的经验之谈。01:17:40，空间。01:29:05，火车声呼啸而过。01:48:35，场面。01:58:31，生猛。02:11:58，威慑力。02:48:25，写实有过程有细节。,2020-03-09
46,小露,5,永远的阿尔帕西诺，他的表演丝毫不逊色于马龙白兰度,2016-09-28
47,LORENZO 洛伦佐,5,事关从一个男孩成长为一个男人的经历，事关家族血脉，事关成功精神，事关领导与责任。事关繁华与荣耀，兴衰荣辱。马龙白兰度和阿尔帕西诺领衔主演，十分耐看。,2011-01-16
48,素年锦时,4,黑帮经典之作。但是很多人欣赏不了。。,2017-04-05
49,梦里诗书,5,长达近3小时看似平缓的节奏实则蕴含着无时不刻的博弈，《教父》舒缓的音乐却透漏着黑帮宿命的悲愁，在此之间马龙·白兰度饰演的教父维托·唐·科莱昂那股犹如绅士却又不怒而威的气场，将一名意大利黑手党大佬淋漓尽致的呈于影像，一个残酷的黑帮一切却又是那般迷人。,2015-05-13
50,超搞笑级的？？,5,那些成天从读者里看教父经典语句文摘的人，永远不会懂得教父的精髓，没有一个好的语境，再好的句子也只是句子（内核里最像教父的黑帮电影还是老杜的黑社会啊！）,2014-08-13
51,Paco,5,https://movie.douban.com/review/6757933/ →17.8.29二刷，导评版。18.7.25三刷，从未像这次感到如此黑暗。讲一支传递于浊的理想主义火炬由清者接手、再到彻底熄灭而不自觉的过程。“凯，那是我的家族，不是我。”这句一出口眼眶就热了——到最后，我不仅不再是“我”，连“我的家族”都不如。三部曲从第一部结尾就已经完整了，后两部并非赘余，但都只是注解。,2014-07-25
52,Panda的阴影,4,为北电校考才坚持看完，那时无感的我还看了2遍。——在资料馆大屏幕重温完《教父》后，让我开心又“遗憾”的是：以后提到我个人无感的高口碑佳作，我就没《教父》这让我一直挂嘴边的代表作可举例了！……能将如此庞杂的人物和情节处理得有条不紊固然出色，但阴暗的黑帮故事还是无法让我大爱。-17.01.02,2011-09-30
53,老袁,4,我看了四遍才看完＝ ＝,2014-03-01
54,crow,4,马龙·白兰度的一生相比教父有过之而无不及，表情饱满动作到位，拿捏得恰到好处，成功塑造了一位伟大的父亲和跨时代的教父。阿尔帕西诺饰演的麦克源于自身的底蕴和气场，才得以让养父放心大胆地将事业交到他手中。教堂洗礼一幕，敌对巨头在牧师的问责声中纷纷中枪身亡，麦克面对上帝祷告发誓。经典,2014-04-01
55,Riobluemoon,5,"其实从故事比重来看，阿尔·帕西诺才应该是第一主角，但为什么更多人记住的反倒是马龙·白兰度呢？没办法，老教父的气场太强大了，无论是最初教父的威严，还是后来丧子的悲痛，以及最后的去世，都让人难以忘怀。相比年轻，阴沉，冷酷的麦克，还是这位优雅，讲义气，重情义的老人更让人心服啊。

",2011-11-27
56,寒枝雀静,5,作为20世纪资本主义世界新旧交替的隐喻太妥帖太迷人。完全臣服于马龙白兰度，但是对帕西诺的演技不大有感觉。登峰造极的光色，史诗般的配乐，几个经典段落无懈可击的剪辑。浑然天成的影像元素还是掩盖了对所谓“男人圣经”的三观不适感。不过坦诚地说，没能达到改写私影史的地步。,2017-05-02
57,匡匡,5,常看常新的老经典，一次次重温、回味，总为之赞叹，收获不同的感悟。精彩而又微妙的群像演技，让人觉得这是上天恩赐的神作，必定有某种神秘的机缘催化，绝非仅凭着人为的努力便可造就。不提马龙.白兰度和阿尔.帕西诺的信手拈来、浑然天成，罗伯特.杜瓦尔的演技，也是细腻到骨髓里。,2006-10-19
58,九尾黑猫,5,多年后还记得黑暗中的马龙·白兰度,2008-03-19
59,littletwo,5,又看了一遍，真好看，3个小时一点都不觉得漫长。结尾处回想开头，恍然隔世。现在知道了，《无间道2》向《教父》学了那么多~~,2007-11-11
60,昵称被占不开心,4,不要让任何人知道你在想什么,2017-02-14
61,蓝下老婆,4,应该挺好看的，可能不是喜欢的类型，欣赏不来,2017-04-12
62,津五渡,5,姜文说《教父》牛就牛在科波拉把教父当怨妇拍。,2016-02-23
63,圆首的秘书,5,克制，用心，男人，悲伤。柯里昂对人心的洞察永远不过时，但他对待世界的方式早已为世界所不容了。1946年的美国百废待兴，无政府状态初现，利益纠葛盘根错节，教父不像是黑帮片，更像是提出了一个社会学命题。科波拉创造的这个世界，太真实了。,2016-12-12
64,吃货月,5,很是经典的黑帮电影，人物刻画也很生动形象，反映了黑暗中的一面,2017-02-24
65,汪金卫,5,原谅我这么晚才看这部伟大的电影，因为我一直想找一个时间细细品味这部黑帮史诗。传说中的IMDB最佳电影。马龙·白兰度年轻时虽是个浪荡公子，但他演技的确非凡。没能参演教父2，真是遗憾。我会把其余两部都看完//20150322资料馆4K大银幕。3小时丝毫不觉拖沓。太爽了。彻底领略了电影的伟大。,2011-02-11
66,赫舍里清如,3,一直被推荐，可到自己真的看时并没有他们说的那么好，可能是我愚钝领悟不到他的高深,2017-02-21
67,啦啦啦,5,超级喜欢马龙白兰度的表演,2016-11-01
68,花褪残红青杏小,5,经典不用多说,2017-02-24
69,菲利普,3,很好嘛？！我觉得一般般，意思不大。,2012-01-19
70,风间隼,5,好像没啥可挑剔的。本科就读的原著，今天才第一次看完。话说意大利黑帮处理矛盾的方式还真是过家家啊。,2015-07-05
71,小张你好,5,深切体会到家人的重要性 马龙白兰度真的太有魅力了,2017-01-14
72,孤岛影者,5,"“看到第十遍的时候，我才发现这可能是历史上最伟大的电影。——斯坦利·库布里克” 只观三遍，未闻其深。
橙子与鱼的死兆，自由女神像的残酷，两人之隔的相望，影史三教父的奠定，科波拉的反面美国梦。
基础摄影手法中潜藏的主观镜头、上帝视角，调度与打光的完美组合，结尾堪称史诗的平行蒙太奇，最终是房门相隔、心灵相驰的震撼。
电影对小说的锻造恰到好处，但同时也需小说的细节来打磨，这也算是其作为伟大电影的唯一缺点所在。",2018-05-21
73,你说这事我突然,5,马龙白兰度演得好的关键在于有气无力,2017-01-11
74,沉歌,3,觉得很一般，没什么经典的，不过马龙白兰度真的又老又帅又气度！,2011-05-27
75,苏幼,4,好看但是没太理解,2017-04-06
76,蓉,5,如果有这么一部电影，在影评人和影迷评选的各种经典佳片中都有一席之地，并且名列前茅，那非《教父》莫属。,2017-03-21
77,晚不安,5,重温“男人的《圣经》”，教科书级的光影、调度和蒙太奇。小时候看得到悲情，但看不懂权谋，更难体会教父辨人处事的智慧。两场婚礼，一场洗礼，在宏大的黑帮史诗架构之下，我目睹了信念的崩塌与男人的选择。管理一个家族乃至帝国，所要承受的东西超乎常人的想象。在马龙·白兰度的伟大表演面前，阿尔·帕西诺的光芒被遮盖了。,2018-08-23
78,火娃,5,9/10。重温。流畅优雅的影调、厚重伤感的氛围，视听语言如芭蕾般轻盈。教父书房中阴影的背面通透光亮，情绪神圣而阴郁，外面光鲜的婚礼上宾客唱歌助兴、手下反复地背诵说辞、礼金装满袋子、桑尼带人扔砸探员的相机，暗示家族的幸福处在教父的庇荫下，教父待客遵从朋友的义务。养子汤姆到好莱坞商谈演员一事，饮宴中默不作声的汤姆对比财大气粗的主人，突出黑帮料理事务的冷静狠毒。暗杀戏平静、紧张又突然，处死叛徒时芦苇丛的汽车和景深的自由女神，教父买桔子时两名刺客的张望和快速移动的腿，麦克护父时医院走廊传来的神秘脚步，麦克餐馆拔枪时列车刹住的巨响；桑尼得知妹妹被家暴，驾车冲出别墅在加油站被打成蜂窝，电话里哀嚎和婴啼的声音转化、尸体被连打数枪和踢重头部的残暴镜头，刻画出家族的悲剧宿命，结尾书房的门再度关上，又一个轮回。,2020-02-21
79,林西拿,5,可能是第五遍，有點被嚇到。講的是「失落的秩序如何重建」，又暗藏感嘆，即使重建了時代也已不同。科波拉會不會是這個星球上最會拍電影的人？兩個鏡頭，一，麥寇在西西里，第一次跟那當地女孩約會，鏡頭對背影，他們留有距離地散步，女孩沒站穩，麥寇伸手去扶，然後繼續往前走，我們看到後面一群人跟上來。二、午後，教父和孫子玩，教父死掉，風吹起遮陽布，小孩跑掉。這兩個鏡頭，難道不是十五年後侯孝賢的招牌？我只能說他真的內功太深，先不論劇作，長短鏡頭都可信手拈來，實在是大師,2018-09-04
80,Jeannels,5,9.5/10 深信这是一部无论何时重看都会翻新出不同感受的影史杰作。,2015-11-07
81,徐若风,5,没《美国往事》好，但拍出了时代魅影。/9.0/,2014-06-29
82,游牧人·芳汀,4,每一个画面都是一副流动、压抑而充满艺术美感的古典油画，把犯罪家族拍的如此深情迷人，令人久久沉醉其中。不愧是伟大的电影。,2010-12-08
83,可缓缓归矣,5,太经典了，喜欢,2017-02-24
84,艾晨,5,42年前的帕西诺。新教父的诞生。,2014-06-02
85,kidpt,5,太好看了激动死我了! 科波拉神! 神开头神结尾婚礼神铺垫! 阿尔帕西诺黑化后更帅了 他老婆是DK女神! 但是一切在马龙白兰度逆天的神演技面前! 神情语态 含混不清的声音和无法忽视的威严感 I'm gonna make him an offer he can't refuse. 配上那个光 太不科学了! 主题曲美 另随手一搜发现各式幕后八卦!,2012-09-08
86,马赛克,5,A generational saga that brought new depth to an old genre. Brando's fascinating performance made alive the vulnerable villain-hero; all characters are portrayed with great complexity and distinction. Superb cinematography from Gordon Willis. Coppola proved himself a virtuoso.,2012-01-29
87,二十二岛主,5,无可言说的经典。,2011-01-15
88,影毒肥佬,5,"賣的就是從容, 這是我在三小時洗禮後出來的第一個感覺, 看上去好象節奏不快,  卻沒感覺慢,  劇力節奏是一浪接一浪, 并沒感到過了三小時,  只到了地鐵站,  見到大鐘, 才發現11時多(開場8:15),  早忘了簡介說的片長.同類黑幫片經常給人一種匆忙感,擔心觀衆會睡似的,接近的有槍火,也這般不急不緩,從容……",2014-01-08
89,萌发奇想,5,人的性格喜好变化可能真是会随着年龄有变化，多年以前无数次尝试过看教父都无法承受那种缓慢的腔调而没有坚持下来；多年以后重新想再见识这部经典尽然不出十分钟就被吸引了，接着就是马不停蹄丝毫不想暂停的175分钟。被后世太多电影人致敬百次的教父不亏为黑帮电影之里程碑式的经典之作！（160709）,2016-07-12
90,桃子,4,电影丧失了书章节间的节奏之美。感觉完全可以翻拍个“后现代版”。科波拉的镜头在意情节发展比较多，反映心理的几乎没有。Al Pacino在车里和餐馆被搜身的那两场，感觉有gay暗示。///看得特别心塞，不是因为故事，是因为Al在片子里的某些气质和某人太像，眼泪一直倒流着吞。,2014-10-07
91,元首特价大酬宾,5,当了这么多年IMDB三强是有理由的，黑骑士诺吹们想黑是黑不掉的，因为诺兰跟科波拉一比，属于还不会用摄影机。,2014-12-02
92,20个小明≯,4,第一次完完整整的看这部影史经典，果然好看的没话说！《柔声倾诉》的旋律一响，仿佛又回到了高中时代，那时候整天循环这些曲子……大学的时候LOTUS经常三部连播，从天亮到天黑，一播一整天就过去了……资料馆放映的版本不是特别好，内嵌字幕太浅总会看不清……,2017-04-19
93,杨迪,4,直接与人交谈很重要。,2012-08-25
94,谋杀游戏机,5,布尔乔亚叙事电影，依照导演心中认定的道德标准塑造观影者的角色认同,2010-02-05
95,气急败坏女疯子,5,我没有给5星，因为我不想随波逐流的评价一部电影。我以为，一部黑帮电影，把教父刻画成万民崇拜的对象，这样的价值观念，我或者始终是不能接受的。我始终不能接受为钱，为权力就去杀害与威胁对手的这种价值观。正是因为这样的价值观让越来越多的人去强迫自己去适应这弱肉强食的冷酷社会规则，为唯利是,2012-03-12
96,美美哒Cindy,5,黑帮电影中的经典,2017-02-24
97,天然呆,3,这种孤独的老男人果然不适合我,2017-03-17
98,creasy,1,知道这片为什么分高吗？就算不喜欢的也被吓的只敢打三星。2和3是坚决不会去看了，对这个题裁毫无兴趣,2010-10-23
99,桃子,4,电影丧失了书章节间的节奏之美。感觉完全可以翻拍个“后现代版”。科波拉的镜头在意情节发展比较多，反映心理的几乎没有。Al Pacino在车里和餐馆被搜身的那两场，感觉有gay暗示。///看得特别心塞，不是因为故事，是因为Al在片子里的某些气质和某人太像，眼泪一直倒流着吞。,2014-10-07
100,美美哒Cindy,5,黑帮电影中的经典,2017-02-24
101,初音奥特曼,5,9.9分，如果一个电影爱好者没看过《教父》，那他就是一个假的电影爱好者。虽然之前我看了一千多部电影，但现在才能算是真正意义上的电影爱好者。剧情平淡如水，想看刺激的人请绕道，《教父》的精华在于柯里昂的处世哲学，在于他的社交经验，这部电影值得人看一百遍来反复回味。这是一部可以学到对人生有裨益品质的电影。/在黑帮世界中，一切还是男人支手遮天，女人处于任人鱼肉的境地。,2020-01-19
102,Zeitgeist_,5,至今为止看了三遍教父1 今天才是真正的mindblown 每个角色小动作的刻画 开场婚礼大戏、医院救父、洗礼肃清的剪辑和镜头调度 老教父在葡萄园中含饴弄孙新老交替的传承时刻 以及结尾前后景妻子与michael的隔离 缓缓关上的那一扇门 远不止是四四方方的完美二字可以概括 这都是笔走龙蛇意气飞扬血脉贲张的神迹 是神迹啊！太年轻的时候真的不可以看教父 过去的几遍实在是暴殄天物,2012-04-08
103,李濛Lemon,5,小西天电影资料馆放映，看了三遍。节奏缓慢，结构完美，开头一场婚礼戏把所有人物的性格以及微妙的关系像一幅画卷一样徐徐展开，为后面的故事埋下了伏笔。每一场戏都精彩绝伦，不愧为经典。,2015-09-01
104,20个小明≯,4,第一次完完整整的看这部影史经典，果然好看的没话说！《柔声倾诉》的旋律一响，仿佛又回到了高中时代，那时候整天循环这些曲子……大学的时候LOTUS经常三部连播，从天亮到天黑，一播一整天就过去了……资料馆放映的版本不是特别好，内嵌字幕太浅总会看不清……,2017-04-19
105,杨迪,4,直接与人交谈很重要。,2012-08-25
106,铃儿响叮当,5,黑帮经典系列电影,2017-01-22
107,张苑希,4,柯里昂家族发展奋斗史。的确是一部大气、沉稳、浑厚的经典电影作品，关于历史变迁、家族兴衰、人物成长、美国梦的承载与破灭。“永远不要让任何人知道你在想什么”，其中马龙白兰度饰演的教父威严庄重又深沉又气度，在影史上绝对是无出其右了。而阿尔帕西诺对于二代教父的演绎也是层次分明，值得称道。,2017-08-16
108,几根佩毛,3,【7.0】好莱坞男性教导书 not my cup of tea | 有人需要鸡汤有人不需要，勿喷，仅此而已。,2016-06-08
109,Ron Chan,5,《美国往事》是细水流长，《教父》就是一气呵成，电影重新定义了黑帮，科波拉赋予了人物鲜明的生命感，对家庭的描述之于犯罪，使它的情感浓烈，于是电影即便不乏腥风血雨，却依旧彰显了其义薄云天之气。教堂洗礼和肃清族长部分使用的交叉蒙太奇大赞。马龙·白兰度慈祥温和的表演也让人差点飙泪。伟大。,2015-07-04
110,阿德,5,大银幕来一遍，无憾了,2015-04-19
111,老阿飞—故园,5,对于这套电影还用的着说什么么,2006-01-08
112,恰妮斯虫,3,像读一篇很难很难的阅读理解，想绞尽脑汁说它好，但其实真的说不出个所以然来。,2018-02-12
113,白莲花,2,没错，虽然IMDb和豆瓣都膜拜成了神，但我个人的感觉就是只能给两颗星，又臭又长，毫无吸引力，也没讲出什么深刻的道理。装逼跟风者到哪都是一大堆，豆瓣也不例外。当然，也有可能他们层次都比较高，看出了源源不断的精髓。,2012-09-03
114,杉爷,4,仁慈的父，我已坠入，看不见罪的国度，请原谅我的自负。没人能说没人可说，好难承受，荣耀的背后刻着一道孤独。——我知道我毫无创造力，但是回荡在我脑海中的就是这首 以父之名。,2011-05-01
115,K,5,典型的意大利电影，从婚礼开始，到葬礼结束。,2016-07-27
116,7酱™,5,看完《历史深处的忧虑》后再回头来想这部电影，真正使教父成为教父的，恰是美国精神。,2012-02-08
117,vivien,5,最经典的黑帮电影。。三部曲第一部最经典。。Marlon Brando年迈但更有腔调。。配角都超赞。。还培养了小教父Al Pacino。。Coppola 家族的写照。。音乐赞~~,2010-07-26
118,爱的镇魂歌,5,老辈的老成持重到小辈的雷厉风行，在顶梁柱几近坍塌的多故之秋两代人青黄交接，从背叛与仗义中传达出充满时代感的黑帮式家族观念。突如其来的责任重担轻易扭转了曾置身家事外的人生规划，走上与初衷背道相驰的荆棘路既是自己的选择，也是别无他选的无奈。,2019-06-26
119,董食肉,5,关于死亡和出生 继承和抛弃 每个人的死都有不同的方式 SANNY是暴烈的在阳光下被乱枪打死 TESSIO是平静地被带上了车 CARLO是用最残忍的方式像捏蚂蚁一样 最有诗意的是老教父的死 周围是绿油油的番茄树和欢蹦乱跳的孩子 喜欢FREDO坐在病重的老教父床前那个镜头 还有教父在SANNY尸体前的那个表情,2011-01-02
120,Vash,5,"太小的时候看过一次,果然还是要长大了看才有深意. 主角举手投足间的气质让人折服~AL年轻的时候各种漫画般唯美啊...只是男性多不能这么顺利地成为王者的...音乐和场景,人物的气质行为等等描画地好像精妙的小说一般, 不愧宝座...",2012-02-07
121,浮影人生,5,只能用惊喜表达我强烈的感受！最重要的是，这部五十年前的影片开创了电影史上的黑帮类型片先河，是一个标杆是一座里程碑，可以说今后所有的黑帮类型片统统都是向这部影片致敬，不论故事还是技术。对于阅片量不算少的我来说，之所以迟迟没看这部电影有多个原因，首先毕竟这个系列影片的名气在电影史上实在实在是太大了，我有这方面的反向经验，多部大名鼎鼎的影片对我来说实在是难以下咽，其二影片太长年代太久远，也是让我始终无法鼓起勇气看的重要原因之一。但我显然多虑了，这部影片令我爱不释手，多个情节记忆深刻，送马头、餐厅刺杀两场戏特别棒，甚至之后的类型片再无超越者。马龙白兰度奉献了其个人电影史最经典的角色塑造，同时也是此类角色塑造只有模仿没有超越的巅峰。阿尔帕西诺在片中虽稍显稚嫩，但其内在所具有的澎湃张力也初见端倪。,2020-05-06
122,Visages,4,它有太多值得炫耀的资本了。群像调度，古典节奏与气质，所有元素浑然一体，成就经典。讲的是一个家族的衰亡，观众看到的是一个时代的悲歌。但我还不够喜欢它，甚至在美国往事之后，以后还要再看很多次，直到哪天改成五星。,2015-04-14
123,野人阿韦龙,5,真不觉得这电影这种叙事和表现手法有多好，我觉得那么多人给高分无非是人云亦云罢了。（看第三遍时候改一下我的看法，原谅我之前的狂妄，怎么说呢，就像《公民凯恩》一样，如果从影史地位和一些开创性的东西来看这部片子，其实还是够得上此类题材影片的经典二字。）,2014-07-13
124,托尼·王大拿,5,有些电影真的是越看越有味道的,2010-01-26
125,philips001,5,2017年春节和媳妇在家看的影评版，又有了很多感悟，还是五星/2012-09-03 我将给他一个他无法拒绝的理由~~ 教父的言辞太犀利了。教父系列我看得比较晚，可能是在我玩完教父1游戏以后才看的吧。,2012-09-03
126,Milandini,5,"The.Godfather.1972.ULTiMATE.COLLECTORS.EDiTiON.iNTERNAL.DVDRiP.X264-KiSS, The.Godfather.Part.I.1972.720p.BluRay.x264-ADHD revisited@CFA 2015.04.10",2007-10-04
127,王吸,5,"boy to man/ mans world is full of pain and loneliness,take it",2012-08-13
128,二去,5,最后Pacino剩下什么?这是什么世界?我的未来会有个好结果吗?我有足够的智慧去避免不幸发生吗?不能 一切都不能 我将死人类终会毁灭 但为什么会觉得有希望?活着是为了活着,2007-06-21
129,蜉蝣,3,看几遍都不喜欢。,2011-02-04
130,Y.15,5,确实是个男性电影 看到里面有个角色叫Luca的时候忍不住笑了哈哈 好久不看稍微复杂的电影了 有的地方还是要稍微理一下思路 某ka之前还叫我去看书 等把手头的书看完了就去看 不过跟基佬说的确实想再多看几遍 老爷子死之前和孙子在一起内段儿的感觉真好 马龙白兰度真是有魅力,2011-11-10
131,德拉库拉拉,5,"2007-11-20 22:27:17 10/9.2(276626) #1|| 2010-6-7 21:42:16
",2007-11-20
132,Squidward,5,2009-05-18/特深沉的。。。想说一句话，进去了，真的很难出来了。2015-08-20/教父初代目真心特别好 纳爱斯 人品拔高,2009-05-18
133,灿烂星光,5,难得的小说和电影相互成就的佳作！PS看了公民凯恩再来看教父，马龙白兰度的教父灵感来自于奥逊威尔斯,2012-06-18
134,芹泽虾饺菌,5,七八年前，怎么都看不进去，现在看，确实还不错，虽然这个题材我还是更喜欢[美国往事],2012-01-18
135,二级发呆员,5,“永远不要对别人说出你的想法”“关注家庭才是个真正的男人”电影给人的震撼无非是风景、剧情和人物，而一个内心强大的人物模型，能让一部电影给人的意义不在于观赏，而在于立志做画中人,2011-08-08
136,今天活下来了💦,5,比美国往事这些类似的黑帮片好的很多，麦克的成长真让人惊艳，不过他真是撒谎撒的不知廉耻。老教父死的时候场景安排的相当好。总之，经典就是经典，没得商量。,2013-05-23
137,弗洛儿,4,人应如何在罪中生存，实际又是怎样在罪中生存。20：00——23:00，整整3个小时，和我妈一起放着家庭影院看完这部片。,2011-01-16
138,了不起的花轮君,5,怎么看都觉得麦克才是主角。他的表白是我见过最给力的：我希望她多一个丈夫，而不是少一个父亲。ps.摔盘子戏比枪战更给力！,2011-05-25
139,铁皮骑士,4,看了一，觉得不错的，可以继续看二，三。反之，则不用。用句中国话说，“讲的无非是，江湖。”,2007-02-06
140,Mandy,5,“无法和家人一起，不是真男人”小儿子当上家族长的成长故事，3h都很好看，情节好看节奏好看情调好看台词也很好看，适合回味的经典。,2012-08-13
141,茧.,5,既有恢弘大气又有沉稳细腻，面于历史变迁的家族兴衰史诗，“千万不要记恨你的对手，这样会让你会失去理智”科波拉对于光线营造叙事氛围的掌控能力堪称完美，独特的配乐使用，加之马龙白兰度和阿尔帕西诺两代教父的戏内融合度和精湛演绎也无可挑剔。,2018-06-29
142,yuanhan,5,马龙白兰度。科波拉。这部片子百看不厌。摄影的质感，每场戏的质感都太好了。,2011-01-21
143,戈尔,4,不是粗暴 是博弈 相比而言 反倒是更加醇正的爷们片儿 教父就该是这副模样 不卑不亢 处乱局中收放自如 回到电影本身 【教父】对细节要求非常到位 音乐服装与场景人物设置以及剧情推进结合得恰到好处 沾着浓郁韵味的曼陀林琴声 悠然道出柯里昂家族的黑帮史诗,2011-11-17
144,苏晓晓,5,超经典的作品,2017-02-24
145,Ctabciysvdbf,5,"""Because a man who doesn't spend time with his family can never be a real man.""",2017-05-11
146,天诛·可而keer,5,平缓的节奏蕴藏着巨大的权威和张力，音乐舒缓淡淡忧伤，利益博弈人性冲突。无论是演技还是镜头、音乐的运用，都给人以一种美的享受。千万不要记恨你的对手，这样会让你失去理智。,2013-01-28
147,煎炸菇,5,电影删太多情节跳动太大（人物性格转变和家族落寞都过快），四颗星加一颗给马龙,2012-09-21
148,U 兔,5,明白了什么是好片儿～2015.8.8重看，果真是好片儿啊，好得惊人，神编剧怎么这么会编把每个人弄得帅死了，每个人都很帅很范儿，无须过多言语，用镜头就搞定了啊。大场面这么难拍怎么能弄得和纪实一样，太神奇了。真是大片儿。节奏也很好，一直很抓心而且剧情人物关系都很复杂终于看明白了。太强大。,2009-05-21
149,Morgan,3,"3分给IMAX的特效，太爽了！！不过银幕没有我想象中的那么高，5层楼。效果太爽了。 
",2011-12-18
150,Fantasy,4,每年看一次，已经第三次了，还是真心觉得没有《好家伙》和《美国往事》好看。,2012-09-10
151,心是孤独的猎手,5,偏暗的镜头配合隐晦的画面确实增色不少，叙事手法和配乐也是亮点，科波拉神人,2013-10-23
152,小陈不吃葱,5,"【SSS】

2019.7.25二刷，【B－】升【SSS】
在座位上说不出话。
垃圾的不是电影
永远是我",2017-07-15
153,CNFeat,5,2006年，第一次看这部电影看不懂，看得只想睡觉。时隔六年再看，电影没有变，只是看着看着，越发觉时间的沧桑感，就像Al Pacino一样，一切突然而至，但也得要从容面对。生活都很艰难，谁不是呢？,2010-02-04
154,Maruko,5,"必看电影之一，需要沉下心来细细品味.
最喜欢新生儿在教堂接受洗礼那段，教堂之外，死亡正在蔓延的感受......
整部片子在平缓的节奏下蕴藏着巨大的张力，配乐舒缓伴着淡淡忧伤，无论是二位教父的演技还是镜头、音乐的运用，都给人以一种极致的美的享受.",2014-03-10
155,饱肚师叔,3,"结尾处很震撼啊,教堂里洗礼和杀人交错,也许想要成就什么就要先放弃一些东西,这是不变的法则.",2012-01-27
156,MSatanD-X°,3,如同不明白 No country for the old man一样 不明白为什么这部电影是经典 不明白为什么,2009-03-24
157,浣熊市逃生选手,5,跪趴在马龙白兰度面前。最爱的场景还是结尾处清扫五大家族，教堂内洗礼与教堂外的杀戮构成了教父的两面性。徒利+海怪【等等,2012-04-25
158,Daisy♫,3,看了书再看的电影。马龙白兰度演绎得确实传神。没有流失一点文字中的细节。不过因年代问题吧。对电影不是很感冒。,2008-02-12
159,Teemo,5,"1945年夏天，美国本部黑手党科莱昂家族首领，“教父”维托·唐·科莱昂为小女儿康妮举行了盛大的婚礼。“教父”有三个儿子：好色的长子逊尼，懦弱的次子弗雷德和刚从二战战场回来的小儿子迈克。其中逊尼是“教父”的得力助手；而迈克虽然精明能干，却对家族的“事业”没什么兴趣。 
　　 
　　 “教父”是黑手党首领，常干违法的构当。但同时他也是许多弱小平民的保护神，深得人们爱戴。他还有一个准则就是决不贩毒害人。为此他拒绝了毒枭素洛佐的要求，并因此激化了与纽约其它几个黑手党家族的矛盾。圣诞前夕，素洛佐劫持了“教父”的",2007-08-16
160,seabisuit,5,每个男人都有一个成为柯里昂的梦，我的迈克尔大银幕终于实现了，黑白阴影脸的家族荣耀。北影节资料馆4K修复。,2015-04-11
161,Saoirse,5,He never asks a second favor when he's been refused the first.,2010-09-18
162,旧书君,5,"是黑帮片的顶点，但不是电影的顶点。时代考验下的经典其实是可以质疑的，但是经典之所以是经典的原因在于它超脱于第七艺术电影的范畴成为历史本身。Al Pacino年轻的时候是帅得过头了，哦，（系列）还成就了两个电影时代的交接和分水岭。
",2010-10-11
163,人生苦短发,5,大家都喜欢二，我最喜欢的是一，那种老教父的风度，那种慢节奏让你又怕又敬又想亲近,2011-09-19
164,受伤鸽子往南飞,5,如果说《古惑仔》是一个少年的江湖梦，那么《教父》就是一个青年的江湖梦。只有男人才会迷恋江湖中的尔虞我诈、血雨腥风~权利是男人的游戏~,2012-09-01
165,白猫警长,3,看了这个片子后，觉得社会太黑暗了。前面太拖沓了，结局处理得很好。,2009-11-27
166,俏皮不俏皮,4,2020.10.31 10年后再看，绝了！//其实，貌似没有。。很透彻。。人物太庞杂。。我只能说我看了个大概~ 需要推敲，需要推敲啊~,2010-07-17
167,Marni,5,一辈子只能看一部电影的话我就选这一部。btw，我最喜欢的角色是桑迪诺·考里昂，超爱他！！,2010-07-01
168,墨,3,"应该说是男人必看的电影吧。家族、责任、都是一个男人必须要承担的，不管曾经的你多么的质朴，你的理想终被现实击破，你必须走下去，不管前方的路有多么坎坷，作为一个男人，这都是必经之路。正如影片中的一句话：女人和小孩可以无忧无虑,男人不行。 ",2011-09-26
169,prost,4,一个大佬的养成——传统商权电影，所以全都是男人没女人什么事儿，换个政治场景也是这样拍。sonny的人格塑造得太极端，配角拉远镜头的时候演技太敷衍，同年代横向比较BGM过誉，另外Don Vito角色音极度难听……ps:看到无数后来电影抄袭的影子啊~,2019-01-14
170,[已注销],5,教父第一部，帅气啊。。。不过，科波拉居然拍了三部。。。- -。。。尼玛！,2012-08-15
171,drunkenstain,5,看第三遍［教父］，原来这就是惠特曼所说的 innocence lost，一部个人和家庭的史诗。迈克一开场对凯说：那是我的家庭，不是我。但最后，他心甘情愿地拥抱了家庭带给他的羁绊，人不可能不活在家庭的坐标中。原著里那句话——“一个人只能有一种命运。”给我印象深刻，原著很好，但终究只是通俗文学，电影是完美的，尤其是受浸礼那一段的处理真的是超越了原著。Corleone always pay their debt.,2017-06-04
172,van,4,连电影的拍摄手法都带着克制和隐忍，我最喜欢的人还是这与父亲智慧远远背离的sonny boy,2016-09-22
173,月野狗,3,满足各年龄段男性中二病。,2018-06-26
174,古怪因子,4,正如辛普森中印度人就是便利店长意大利人于老美就是黑帮头目，估计源头从这来。我就是看不下这种男性主义极强又深刻内敛沉稳的片，太闷了,2011-03-12
175,马拉河的斑马,3,虽然它是经典，被誉为男人必看之作，但我真心不喜欢，看了想睡觉。。。,2012-07-23
176,冯伊,4,人在江湖，身不由己。乖乖仔变成黑老大的故事。白兰度用一部电影教无数男孩变成男人，而自己在真实生活中却是个十恶不赦的杀千刀。现实总是残忍，电影，大家还是看看就好。,2013-12-14
177,铎奇,4,al pacino年轻的时候好像jake gyllenhaal和dustin hoffman的合体啊啊啊……,2010-06-05
178,bay135,5,高中的时候看过一遍。。当时觉得剧情不错，但是有些冗长。今天再看真心无话可说了。。这是黑帮电影划时代也是集大成的一部作品，每一个场景甚至是镜头都渗透着意大利黑帮的优雅和霸气，而整部观看下来你会认识到权利，欲望，你会体会到为什么男人都喜欢这些。,2013-08-25
179,livin,5,前段还看得一般般，到为父报仇刺杀的那一段我确信我看的是9分片没错,2012-09-03
180,海南鸡饭,3,2006-9-29 一直以来对这部片的经典程度非常质疑。开头那20多分钟的家庭聚会真地是闷... 2017-6-4 有幸在电影院看了一遍，十几年过去，慢慢看出了它的好,2006-09-29
181,18280,5,应该删了很多情节。故事不大连贯，感人至深，男主演技超神。情节还行。,2013-12-27
182,橘子辉煌,4,一部教父，男人的圣经与智慧，看似风平浪静下的波涛汹涌，家族利益悠关，性命悬于无数人的景仰与捧杀之上，做人难，做男人难，做教父是难上加难,2008-03-01
183,Ou,5,最后洗礼与谋杀的交叠，最后面对的凯的门慢慢关上，实在是牛,2008-02-02
184,nrty,5,中学时，老师时不时会利用连堂课的时间，安排几次看电影、看录像的活动。英语课上，初中时看了阿甘正传，高中看了教父1和逃离克隆岛。语文课上，高中时看的是唐之韵。这个午后，重温教父，满是怀念,2015-03-15
185,巴巴罗莎蠢猫脸,5,马里奥·普佐的原作确实很赞，科波拉能将其完美影像化在我看来如若奇迹。,2012-01-30
186,Bill,5,UNDERWORLD 影史上的群众口碑经典之作,2007-05-06
187,沉默在冥王星下,5,导演、编剧、摄影、表演、录音...教科书中的教科书，展现了导演极强的掌控力，当得起经典好莱坞电影范本,2013-07-17
188,青少年怪物,5,很喜欢马龙白兰度的表演，一个活脱脱的绅士而不是黑帮老大，只是戏份太少，Al Pacino当时的演技和白兰度比还是嫩了点，不过心狠手辣是我最喜欢迈克这个角色的一点。,2011-06-06
189,kobie,4,白兰度的演出是最大亮点。不过片子里硬伤不少，尤其不能理解5大帮派的老大是这么容易就能被做掉的,2010-04-22
190,Alarmmy,5,Luca Brasi没有看书时候想像的凶猛。教父听到他的大儿子死讯时候的表情演得太好了。,2009-09-15
191,朵夏以以,5,"五星都给Don Corleone。气场无人能敌。
2016.3.19和男友重温，依然被震撼到失语，即使看到凌晨一两点还不忍睡去，情节紧张，教父演技超神",2011-08-04
192,YI,4,说白了不论在中国还是在外国 都是有钱人的天下 有钱有权就意味着你想叫谁死谁就立马能死 ！！！当然你还可以做做公益慈善什么的来让自己的良心觉得原来自己还是个不错的人！,2011-01-27
193,占逗鸡,4,没想到七几年的片子能这样一口气看下来，镜头不玩花样，剪辑也不花哨，卖点就是剧情。冲动是魔鬼，黑道的那些规矩放在今天一点也不过时，永远不能让你的敌人知道你在想什么。局外人只能看到一把手的光鲜，却看不到维系平衡的艰辛，坐在这个位置，无非为保家人平安，家族是第一位的，叛徒只有死路一条。,2014-04-07
194,三十,5,没有辜负两个多小时的淡定，每一个镜头都饱满有力。20120601下午重看，重温和细节的推敲。,2009-07-28
195,张腾讯,5,维多克里昂阁下那含糊沙哑的嗓音，淡定定的稳重，真是喜欢啊,2010-11-03
196,Thoreau,5,肃然起敬，很爱麦克，马龙的表演含蓄不失睿智，哀婉儿大气，To be a real man!,2010-08-05
197,Katrina,5,自小对黑手党的好奇和憧憬因此系列而圆满并终结（不过初中那会还比较CJ，冷不防地看到大喇喇的裸女顿时好不娇羞><~）,2012-01-07
198,[已注销],5,我不知道是第几遍，至少得有五遍以上。在资料馆大银幕就刷了2遍。每次看着看着就想落泪。尤其是看到年事已高的马龙白兰度。看完特别想嫁给Pacino。这片子我没法说感受，就是好到想哭。女人不要看，这是属于男人的片子。低级男人也不要看，你们看不懂。,2015-08-16
199,星爺,1,很垃圾的片子，情节冗长，对白无味，让人要吐。,2011-02-23
200,PAND4,5,第一個鏡頭：「我相信美國」，但鏡頭是...「全黑」畫面！！,2011-11-21
201,就要有够可爱,5,"没有理由不喜欢，是三部里最喜欢的。
看教父，看到了那么多的道理，但是看影评，却没看到人又提起，我也不愿说，或许有些东西，咱们都讳莫如深也就好了。",2010-08-11
202,只是一种情怀。,4,很老的片子。却一直被人们津津乐道。Mike 最后说：我只让你问一次，我的事情。她说：It's true. 他说：No. 魅力就在那里了。可是觉得难受。漂亮的西西里姑娘死后，若无其事地娶别人。。。,2011-06-25
203,洛洛,5,每个男人都应该看教父，它教给你男人的一生荣辱。每个人都都应该看教父，它教给你人生,2010-12-01
204,素衣染天香,5,谁能忘记马龙，白兰度那张隐藏在黑暗中孤独的脸。一代教父在面对所有的危险和敌人时都那么镇定，优雅。连痛苦都显得那么隐忍。当你回头去看这些神片。你会发现后面的很多你认为的好的片子，有很多都是在向他们致敬和学习。开场真是难忘啊。一个人坐在灯的对面，对着黑暗中的男人在诉求着，外面是热闹祥和的婚礼。里面在讨论着复仇等交易。而从麦克在医院里抚摸着父亲的额头，轻声说我会呆在你身边时。新一代教父其实已经开始蛰伏了。桑尼不会是继任人，只有麦克。他一边说我和我家族的人不一样，但最像父亲的反而是他。桑尼冲动易怒。嗯。主要是不优雅。可算知道那些黑手党爱情小说原型都哪来的了。。,2008-07-19
205,飞侠式拼搏,5,在黑帮片中，如果它认第二，则没有哪部片子敢认第一。,2020-04-30
206,NANA東,4,因为知道后面还有第234部所以马龙在花园里死的时候我真心以为只是假死，然后我一直在等他诈尸到出片尾曲。。。后来才知道234都是他儿子了，导致看的很憋屈，回头想想花圈那场爷孙戏真的很经典，都说这是一部男人必看的电影，也许我是一个男人就会给他五颗星？,2012-04-21
207,Lazy Designer,5,看过。家有D5，以后有PS3了就收BD。BD 720P重温，2小时57分！ 11/07/29,2011-07-29
208,极圈里的燕鱼,4,真正的经典是超脱于时间背景的，是人们反复模仿和致敬并引以为荣的。把波澜壮阔平铺直叙，得失起落而宠辱不惊，运筹帷幄且沉稳自若，这是大师的作品气概，也是一位出色的领导者应具备的品格。走钢索，舔刀尖，想放手抽离却只得越抓越紧，没有牢固的友谊和不融的对立，只有生长的野心和永恒的利益。观摩大师的镜头画面配乐布光，品读教父名头背后的五味风云。,2019-07-13
209,风满蜃气楼,4,4.5 家族之间无道义…兴衰荣辱，女人小孩只能作为弱鸡般的存在被保护，无论哪点都挺悲哀。阿尔帕西诺年轻时好嫩，不禁穿越到闻香里教育年轻小子的中老年他；然而麦克在感情上还是渣的。,2019-02-17
210,人気小圆头🔒,4,导演一直说，他最想拍的就是教父一样的电影。前几天重温了一下，前半段看得昏昏欲睡，特别是白兰度作为男一号不是躺在医院就是中枪。后半段突然惊觉，简直是黑帮片的范本，冲动的哥哥身死，父亲被害，不愿过问家族事情的弟弟不得以勇挑重担，歼灭叛徒，搞定长老。刘德华演过一个如出一辙。,2013-02-18
211,影中漫步,5,"尽管科波拉对片商的要求做了很多妥协,但最终证明,电影作为商业巨制挽救了好莱坞的颓势,同样不失为新好莱坞时代电影艺术的瑰宝.戈登威利斯对人物低调的用光是对好莱坞传统风格的大胆反叛.",2012-10-03
212,青（求己）,5,大音希声，大象无形，真正的高手是大隐隐于市，默不作声中就把事情做完了，寥寥数句就扭转形势，那种打打杀杀的角色不过是摆在台面上的棋子罢了，所以跛豪进了监狱而洪老爷回到澳门，至于五个亿探长雷诺则似曾国藩是另外一个故事了，中国的屌丝最多到跛豪的境界，而美国的移民则可做幕后黑手,2013-06-01
213,宝莲灯JOEY,1,《教父》 没有get到那个点，呵呵，好像真的是的和同事有这样的同感。 看之前是因为在一篇《晓松说》的文章里，听 https://www.douban.com/doubanapp/dispatch?uri=/note/631219827/,2017-07-31
214,梅婆小公举,4,黑道电影的开山之作，地位也堪称“教父”。都说男观众看《教父》能学习怎么做男人，而女观众看《教父》能好的更了解男人，然而首先这个男人得有马龙白兰度的气场和风度和修养,2017-10-25
215,sUsU,3,我也想要个马龙这么帅的godfather，我说：godfather，我想要间大别墅。然后godfather对着Tom说：给她二十八栋。hiahia....（幻想中。。）,2009-02-09
216,危如累卵塔卜卡,5,私认为其实迈克才是老柯里昂年轻时候真实的样子，致卡洛死地并且把丧偶的老姐送进精神病院这种事情估计山地诺这种冲动易怒性格的都干不出来，不管是胆识还是手段之决绝亦或者是扮演“两面人”的把戏，迈克较之于他的父亲是有过之而无不及，而“新教父”的诞生不仅与迈克自己的家庭背景，也跟他个人的经历有着紧密联系。,2018-11-15
217,被美人渡化的猋,5,记得是从哪看来一句话：如果一个男人没有看过教父，那他就不能算一个真正的男的。当然这句话说的毫无逻辑，但从一个热爱电影的人的角度出发，这话是行得通的。不要恨你的敌人，这会让你丧失判断力。眼泪只能让你遭受更严重的一击。不要对我说你是无辜的，这是在侮辱我的智商。句句都这么经典。绝对经典,2010-03-29
218,之晨,3,也许我在一个错误的时间点看了教父，以后再重温吧,2015-12-19
219,teenytiny Adel,5,"我很喜欢D9版页面Don Vito Corleone死时那块地,被风吹起来,有种繁华落尽又清爽又难过的感觉。",2009-07-28
220,流空破刃,5,去掉了几乎所有支线，砍掉所有耗时过长的枝枝节节，对比原作，短，明，快，但仍旧平缓冗长。重心全都集中在好学生转变成教父这一过程后，依旧完成了整个故事的完整叙述。最后讲，开头一段的改编太棒了。,2011-06-23
221,此在一刚.avi,5,哪怕你爹是马龙白兰度你哥是阿尔帕西诺，只要你是个女人，你仍然可以做个怀胎六月天天被老公出轨家暴直到总算害死了哥哥然后还要护着他的大傻逼。,2018-06-06
222,狄飞惊,5,慢得优雅，舒缓，给力，凌厉。,2011-06-01
223,misko cc,5,"經典的經典沒別的
我第一次看的時候竟然被嚇著了,自己一個人在家,看完了嚇著了,也特別有精神,不想睡覺,就把2也看了",2008-03-24
224,夜寻,5,从男孩到男人，才不是成为“教父”，而是反抗命运，不继承家业。就这点来说，他永远失败了。【20150704于中国电影资料馆小西天厅,2015-07-05
225,妙歌,4,"我爱ｍａｒｌｏｎ　ｂｒａｎｄｏ

When I saw The Godfather (1972) the first time, it made me sick; all I could see were my mistakes and I hated it. But years",2009-08-10
226,范喜来,5,是个男人都喜欢看，这话不假。190729重看。重看全是细节，印象深刻的部分纷纷重现。最难得是跟老婆一起看，她坚持看完了。她说要是自己一个人，早关了……,2016-04-25
227,高地清风,4,"""Where does it say that you can’t kill a cop?"" -- 让一切不一样的，就是这种“此物一出天下反”的逆向思维。",2011-05-26
228,大圣娶亲,5,再次重看教父，原来他一直伴随着我的不同阶段。每个画面都宛若一副油画，缓慢而又浓墨重彩的展开,2011-10-29
229,思思,5,如果说傲慢与偏见是女人的圣经，那么教父当然是属于男人的圣经。,2012-05-15
230,越小墨,5,让殡仪馆老板把自己儿子化妆那一幕，马龙·白兰度的演技…印象太深刻了。大一看这片的时候，完全无感，5年以后再看，太多不一样了。,2013-11-10
231,阡陌扬尘,4,马龙白兰度太有范了，尤其是中枪后嘶哑的声音更具威严感，不过身中数枪还活着是不是假了点，一开始没认出阿尔帕西诺，年轻时候看起来和达斯汀霍夫曼差不多，最后麦克解决那一伙人的方式感觉过于简单，太轻而易举，反而没了复仇的快感，毅种循环的结局给续作留了个引子。,2012-12-18
232,张子房,4,男性电影，我蛮喜欢看的，这部震撼到我了,2017-02-24
233,乐乐乐了,5,despite马龙瘫痪的下嘴唇 老教父的角色还是如此让人着迷 Al年轻时帅到没朋友 第一次杀人前30秒演技看过难忘,2016-04-28
234,易,5,历史第一电影，毫无疑问，教父是电影艺术的集大成者，故事，摄影，节奏，演员表演，内涵，史诗性，开拓性，毫无疑问，它是最好的，直到今天依然是最好的。,2009-07-03
235,Kueen,5,年纪太小的人还是不要看教父，有些桥段确实不容易第一遍就知道导演的用意，就像读大学时候的我，觉得教父还没《古惑仔》好看。其实当时是连第一场婚礼的戏都没看完，当时觉得又闷又不知道在干嘛？？现在看来，觉得第一场婚礼的戏细节非常多，几乎可以作为群戏电影人物介绍的一个经典范本，外面的婚礼以二代教父给女朋友的叙述，着墨不多，但是却入木三分地一一刻画了教父1的几个关键性人物的性格，而一代教父则在房间里接待了三波对情节都有推动作用的人，这种信息量的镜头语言，还有个印象比较深的是《蝙蝠侠》的前面2分钟抢劫银行那里。《教父》不亏为当代电影史上最伟大也最值得分析的电影，整个故事的叙述和结构都堪称艺术品，不过有些情节确实需要看了小说再来看更好理解。,2020-01-19
236,audair,4,我一般喜欢教父系列 但是真觉得男的没看过这片就不叫男人,2008-12-19
237,猪头妖怪,4,"""I'm gonna make him an offer he can't refuse""",2008-11-16
238,梦游,5,一直觉得时长太长 真正安心去看 到结尾的门关起来的时候 反而觉得意犹未尽 经典程度毋庸置疑 看的时候场景和故事的设置觉得过瘾 被两位主演的演绎深深抓住 画面延声还有蒙太奇的交错 使得同步的婚礼和帮务 洗礼和杀人深具视觉和心理的冲击 总之很过瘾 而且一直觉得能看到很多港片类似的场景和情节 哈哈,2012-03-31
239,xiphosura,4,我也没想到我会只给这部电影打四星……可是用现在的观点看这部称为史诗级的黑帮电影，中间的手法和叙事方式总有那么一点过时，缺乏新意（可能不应该用今天的技术去评价它），不过话说回来mike去赴鸿门宴的桥段真是看的人心潮澎湃啊~,2014-04-07
240,TimberNord,5,now we are talking,2014-07-05
241,Up222222,4,"麦克在小饭馆那段确实很经典啊``
但是我还不至于像本页面那么多脑残一样推崇这部片子···
为什么豆瓣喜欢装逼的人那么多呢",2008-07-18
242,茜茜,5,电影很精彩！但是个人认为所谓的标签”男人必看片”真心没必要。,2013-02-16
243,Creamarie,5,saw the series when i was young.i was scared that time.but impressed a lot.,2010-12-02
244,Sarcophagus,5,很low的在自己电脑上看的。,2015-04-12
245,喵小有为来欧欧,5,马龙的身后，遗留下一长串数字：1个不朽的角色——教父，5部经典的影片——《欲望号街车》、《现代启示录》、《巴黎最后的探戈》、《码头风云》、《教父》；6个自杀的情妇；17个律师；大约25个不幸的子女；1100万英镑的巨额债务。,2012-12-30
246,Alien,5,原来这就是＜教父＞啊，忍不住这样地感叹。三个小时的片长，开始看的时候还觉得是不是太长了，结果看下来不但不觉长，还有意犹未尽的感觉，但影片在新的教父诞生时结束，已经足够完美了。马龙•白兰度，你会在他的声音里得到心安，这就是教父；另一方面你也可能在他的声音里迎来地狱，这也是教父吧。,2012-10-01
247,tragic,5,"麦克是注定要接替父亲的，两个哥哥一个暴躁一个软弱，都不是当教父的好人选。即使桑尼被当做继承人在培养，他性格的缺陷也会早早送他上路。
电影节奏慢，需要慢慢细细品。
神父为婴儿在教堂洗礼，婴儿的哭声在教堂回荡，而在外面，在教父的祷告词中，血腥的屠杀，将死人的哀嚎也响彻天幕。
此处导演有意为之的剪辑，将麦克不仅仅在电影的黑帮势力中，也在观众心中，真正推上了教父的位置。
最后一幕，妻子问麦克是否杀死了自己的姐夫时，麦克否认了，妻子立刻选择相信。
人只愿意相信自己希望的。
妻子走出门看着所有人来亲吻麦克，尊崇他为克里昂阁下，妻子明白丈夫将走上教父的一生，一生活在黑暗中。可是妻子又无可奈何，当她选择上麦克的车时，她就应该知道，这一天终将会来到。
至少，桑尼是个好哥哥。",2019-03-14
248,24 K Pyre Hands,5,经典不愧是经典，有很多人说这部电影其实很催眠，但是我完全不一样，并且我还是那种看第一滴血都会有点困的人！超越时代的经典,2020-04-25
249,ChelseaQinWang,4,很多人觉得老教父说话很有feel……但我觉得实在太含混不清了，完全靠字幕。最后30分钟很有味道。,2014-02-24
250,Serol,3,脸盲症犯了 原以为我能和大众一样爱这部电影可是我真的对它很无感。。。,2013-11-17
251,吕莎,5,看一部被人说得无比经典的电影本身就是一个纠结的过程。我反倒喜欢去看完全没听说过的电影，然后如果好就会有一种赚到了的感觉。当然，也有可能很失望。教父的名声太吓人了，但还好确实是一部很好的电影。没给5星是因为教父并不是我喜欢的男人类型~~,2010-11-24
252,灰,5,嘴上承诺denounce satan的同时已经铺开漫天杀局....ps黑道家族里真是处处都有向教父致敬的影子,2012-06-28
253,Nicole Twinkle,5,"为什么马龙白兰度青年和老年的样貌差这么多？
",2012-08-11
254,饭夫斯基,5,make your mind always be cool,2010-06-10
255,兔子乖乖,5,经典需要时间证明，没错，是经典，不过好久没看那么复杂又长的电影，看的好累哟。,2011-08-24
256,韦恩斯坦_李,5,喜欢里面营造的气氛，主角的表演功力很强啊~！！,2008-02-04
257,麻花儿,4,蛮感慨柯里昂从叱咤风云到后来老态龙钟的变化，想起了身边的亲人，一个时代终会过去，新的时代总会到来,2014-05-29
258,枭笑,5,虽然我觉得它节奏和叙事很平稳 太平稳 让我一度觉得它只值3星 可最后的半小时对剧情意识伏笔的收拢还是很厉害 但我真的不喜欢这节奏   还有我很臣服于教父的人格魅力！！！！,2011-10-02
259,Dear Morie,5,多年之后再再看 才更能理解影片的伟大 当麦克从一个理想主义者一步步被现实推向残酷的现实 你甚至能感到他的眼神从一片炙热变得越来越冷,2011-02-27
260,dcrlee,5,艺术品，史诗，伟大，对这部电影的赞誉实在太多了。我觉得本片让我感到经典的因素其实是一种“范儿”，一种男人才能理解的精神内涵及其延展的意义。新老两代教父的为人处世，选择，对家人，敌人的种种态度，对于今天我的我仍然有很强的现实意义。马龙白兰度与阿尔帕西诺奉献了最为出彩的表演。,2014-01-06
261,你就是它,4,4K restoration、35mm,2013-09-16
262,edwardyang,4,"Even shooting your father was business not personal, Sonny! -------------------Tom Hagen",2008-03-31
263,Laven,5,最后一段神剪辑，纯洁的圣洗和血腥的杀戮交错，脑海里一遍遍回想着教父说的I do renounce them. 神级黑帮片。,2017-03-31
264,蓝 白,5,"黑帮经典。白兰度的演技，膜拜。（1）

坐标：札幌影院
影院二刷了4k修复的教父。相比第一次，关注到了不少细节。在叙事和剪辑上，叠化转场不生硬，整体一气呵成。迈克尔在教堂洗礼兼暗杀是全片最厉害的地方，神圣和黑暗的对比，暗示着迈克尔这个人物心理的彻底改变，这种改变也能够解释结尾他对妻子的回答。（2）",2013-09-30
265,maze,5,一直觉得marion brando一生最真实的心理状态都展现在那些不真实的伟大角色里，真实的生活反倒是乱成一锅粥。这部片子的厉害之处就在于它暗藏了太多的深意，里面的每一句台词都可以来回推敲，每一个场景都值得反复感受。这不光是一部黑帮电影，而是一部融合了社会，家庭，人性的伟大作品。,2010-08-24
266,姜枕人,3,7 Mar 2012。別的國家這種黑手黨情結就像我們看港產警匪片躍躍欲試的情結？即使看不懂這部陽春白雪背後蘊藏的深刻含義 連著兩天一夜看著馬龍白蘭度還是可以有所感觸 我有種隱隱浮現的念頭 「我真寧可去看回托馬斯曼的《布登勃洛克一家》」。,2012-03-07
267,小鸟,5,很好看，刷了两遍，我女的。老在评论区看有女生说看不懂，看不懂就别特意强调自己女的。,2019-07-21
268,上上谦,5,"<教父>是青春版的黑色<圣经>,是验证几代人的性格的电影,而我们完全没有能力来鉴定它,因为<教父>在鉴定我们. --毛尖

",2008-08-01
269,大-燕-威-王,4,其实这片儿不是我喜欢的类型，唉。,2013-09-22
270,★☆☆☆☆,4,喜欢马龙白兰度的表演，此外无他,2011-01-21
271,奔奔山,4,假如麦克执掌家族事务的过程再坎坷些，故事会不会更深入人心？毕竟影片的初始，麦克被描述成一个不愿涉足家族事务的人，一旦出山便十分老道，真是有些神化了。另外，导演在片尾用几个镜头便清除掉了老教父的劲敌，有虎头蛇尾之嫌。,2009-05-31
272,布拉德痞特儿,5,早就听说了教父的大名，只可惜最近才观看了这部号称史上排名第一的电影，看过感觉的确不错，黑帮间的火拼和家族间的温情脉脉都表现的淋漓尽致。在黑帮片上无人能及。,2012-08-12
273,岛。,5,血腥的恰到好处，主角光环什么的终于木有了，一代的陨落一代的崛起，性格塑造太成功。,2014-01-29
274,-东/东/弗/斯-,5,超越原著的电影作品，镜头、细节、演技精致到无可附加，两代教父的智慧和家庭观念贯穿始终，每个人的性格都很鲜活。约翰·凯泽尔的弗雷多演得真好。,2017-04-01
275,艾薇森,2,实在看不下去，无数次开看都没坚持下来，硬着头皮打个分吧....,2017-07-01
276,tisssssssssss,5,我的个天，现在才看教父会不会遭歧视？“永远不要让你的对手知道你在想什么。。。”看似繁琐拖沓的家庭写景其实只是烘托大家庭的和谐，于是慢慢静下心来，享受这一切并在和谐瓦解时为之扼腕。,2011-01-09
277,沙力兔,5,也是断断续续看了好几个晚上才看完 don corleone出场时是背影 只听到声音就觉得是马龙白兰度了 al pacino在西西里时的场景好喜欢 好想去乡村过夏天啊 最后的纽约大清洗短短几分钟带过 却跟教堂里肃穆的洗礼片段混在一起 小小地震撼了一下我的小心灵,2014-12-03
278,alfredo,5,時隔十多年再重看這部片，感覺真是了不起的鉅作，開場戲就極為精彩。整部片寫實的基調和濃重的戲劇性風格緊密交織，劇本、場面調度和剪接堪為範本，眾傳奇巨星演出讓人目不轉睛，黑幫浪漫形像的塑造更是經典。,2006-09-20
279,飘叶随风,5,最近连着看了几部70、80年代的电影。再看到这个，完全是超越时代的故事线和摄影。,2009-08-26
280,Rapunzel,3,"看惯了节奏很快的黑帮片 再看这个有点不适应  冗长 但又觉得没部分都必不可少 毕竟是殿堂级的电影 2有200分钟 做好心理准备吧
",2012-10-11
281,Light,4,沉默的开场让我没看穿线索。越往后越明朗，但麦克的突然转型似乎有点突兀，开始时他性格的刻画显得他与家族的其他成员那样迥异那样软弱。sannio被枪击的一幕，几十颗子弹打穿胸腔，只能说导演用泄愤的方式把怜悯或者残酷表达的十分到位。人在江湖身不由己，被人操纵的耻辱让人愤怒。厚重饱满冲击感。,2012-06-17
282,amaranthiner,5,I spent my whole life trying not to be careless. Women and children can be careless. But not men.如果你说I don't care，我认为你还只是个boy，not a man。,2012-03-18
283,黎明时的东方,5,A man who doesn't spend time with his family can never be a real man.,2012-10-16
284,琪琪,5,马龙白兰度塑造的教父形象，让人印象深刻,2009-12-19
285,戎夷先生,5,各方面都近乎完美的黑帮片，被后世的无间道2，一步之遥，摩登家庭等影视剧不断致敬，尤其港片最爱借鉴。影片以麦克的成长为主线，但艾尔帕西诺在第三部才迎来自己的独秀，第一部则完全是马龙白兰度的高光时刻，手把手教后辈们如何演一个不怒自威，重情重义又心狠手辣的黑帮头目。片头撸猫对话，看大儿子尸体，麦克第一次杀人，最后教堂洗礼和手下杀人的那段交叉，教父之死等几处最为精彩。,2013-08-20
286,谢之艾,5,让想我打六星的电影，深刻，真实，震撼，细致，如何赞誉都不为过！男人的圣经！,2011-04-05
287,Q,5,看了《教父》第一部，近三小时的长度，经典就是经典，如此长度我都没打瞌睡…马龙白兰度演的真有feel啊～概括一下，我觉得这片是文艺枪战黑道片…说它文艺，是因为感觉节奏真的算慢…09-08-31,2010-09-11
288,猫,5,我最喜欢的10部片子之一  味道很不错  说多了我也说不出来,2009-12-07
289,sophia,5,“I spend my lift trying not to be careless”,2011-08-11
290,杨三月_,5,"开始疑惑是什么样的一部神片，能让影迷看二百多遍，让斯皮尔伯格看了想弃影，让汤姆汉克斯定期为它办派对……直到我点开这部三小时的影片之后，一动不动的看了两遍……这是真正属于男人的史诗级的大片。
PS.原来姜文的《一步之遥》片头和芦苇谋杀是向此片致敬，可惜学表不学里，只能是装逼。
",2017-09-07
291,t.,5,Vito 和孙子安东尼在院子里玩，结果突然心脏病发作，就这么死了，麦克上来以后一股脑杀了不少人，第二部也一样,2011-11-08
292,赤膊姑娘,5,每一处用光都在抠，这就是老电影的魅力。后半段的节奏我很喜欢~,2010-04-05
293,艾斯跳瓶,5,从此我再看瑞恩高斯林的轻声细语和狠毒眼神，就会想到阿尔帕西诺了。原来是跟他学的。,2013-08-08
294,没落的小资产者,5,无可置疑的佳作，隐忍而充满爆发力的镜头语言，低调而恢弘的光影变化，高潮迭起的剧情推动，相当完美！,2010-05-28
295,Freggieg,3,"年代问题吧 还是对这电影的感悟不够？我只看到了笃定的帕西诺
",2011-05-07
296,懒得懒了,5,看了短评果真好多人都是看不下去呀😄 都是时隔几年才能真正入戏并赞叹 我亦如此 大学时看到开头婚礼场面只觉得冗长 真的忍不了 直到十年后熬到婚礼之后这么引人入胜（我依然无法欣赏婚礼这段😄）即使在此之后的黑帮片也非常棒 但是这部片子并不因为看得晚 被后生之辈反复致敬而惊喜全无 依然有很多让人值得回味的闪光点 需要反复看反复品味 好喜欢,2019-12-16
297,未卜,5,电影比原著精彩多了，像美国往事一样卓越的电影！,2011-09-17
298,贻大宝,5,"It's never too late to see this film,coz classic always is classic,it won't change just because of passage of time. ",2012-08-25
299,以昼为夜,5,就像教父开出的那个无法拒绝的条件，科波拉联合马里奥·普佐、马龙·白兰度、阿尔·帕西诺拍出了一部令几代观众无法拒绝的电影。,2008-02-08
300,希哈。,5,只能说看着Micael的变化我很心痛。 不过，是不是时代真的过了，我不懂那些对马龙白兰度的狂热。,2011-02-06
301,Conan,5,The Power of an Old Man. 不管是戏里还是戏外。,2007-02-14
302,一起嗑妹妹,5,牛逼的人生才能成就牛逼的MARLONBRANDO啊…以后大家讲E文都这样含糊不清吧。*挖鼻孔* ,2011-11-02
303,暖暖,4,史上最牛黑帮片？我的阅历还不够，看完资深影评，才真正理解了这部电影的精神。之前心里一直把马龙白兰度这个名字勾勒成白马王子的形象，第一眼看到他却已经年岁匆匆而过，他变成睿智深沉、没有杀气没有戾气的长者，这样的黑帮老大的确能成为男人的教科书。（杰克吉伦希尔长得好像阿尔帕西诺啊,2010-09-25
304,9527·杨过与小龙女,4,先看的书。开篇第一句话是：世界上的巨大财富后面都隐藏着罪恶。好像是这句。,2006-05-28
305,[已注销],5,没有任何一部荷里活的系列电影能像这一部电影那样的不朽而伟大！,2008-03-11
306,Andrew,5,We're businessmen. We talk business. Even with people we don't like. Even with scums we despise.,2013-10-24
307,李掉掉。,5,里程碑式的黑帮史诗巨片。后来的黑帮老大形象都或多或少的模仿了马龙白兰度,2012-11-17
308,撕撕撕,5,2015-11-03重看，当年事先什么都不讲、懵着给我们放教父的大学老师真可恨啊，我至今都记得下课路上室友问我《教父》究竟好在哪儿时那张鄙夷的脸,2009-10-27
309,一二三四五六个,4,其实我想给很低的分数，因为我用现代的眼光去打量着电影，我实在觉得。。。无意冒犯，但是就算如此，它始终是经典，所以必须将自己的思想摆到40年前，4星纯粹是致敬了。可是同样是老电影，希区柯克的怎么就那么招我喜欢。但是开头20几分钟婚礼之间的一些安排，很棒。,2012-08-27
310,iidirk,4,原来阿尔帕西诺年轻的时候这么帅 喜欢洗礼和仇杀两个交错的镜头,2009-04-10
311,Eco,5,詹姆逊认为，黑手党电影投射出一种对社会矛盾的“解决办法”——不腐败、诚实、与犯罪斗争，以及最后的法律和秩序本身。,2013-06-10
312,桃不碧,4,这应该是所有男人的梦想吧，思考着教父所要思考的事情，站在教父的高度，身披教父的责任，不在乎生，不在乎死，一切凡人奔波的都是小事；而作为我，四星是因为它让我真切的感受到另一个世界的样子,2011-12-24
313,馬鹿燒#韭#,5,高处不胜寒呐！虽然不太喜欢白兰度，但他演技实在太！赞！了！,2011-05-18
314,阿花花啊,5,超级经典的片,2017-02-24
315,西瓜,4,"片子还不错，马龙·白兰度和阿尔·帕西诺的表演确实是一绝~
但是谁能告诉我，到底经典在哪？没看出来常规黑帮片的恢宏气质，剧情也不能说是完美。难道是人物刻画方面？？",2010-10-11
316,Anday,5,男人。千万不要记恨你的对手，这样会让你失去理智。,2011-06-25
317,约翰柠檬,5,以前太年轻，看了一半看不下去了。现在从头到尾看下来，一秒都不想错过。终于理解这部电影的伟大地位了。,2014-01-18
318,嘛哭当拿路哆,3,"比较完美,但没有评论界和影迷口中的那么经典.",2008-07-24
319,半袖,3,除了开头的平民许愿和麦克谈恋爱外，其它部分都觉得好赶好赶好赶，跨度太长了电影时间又太短了。没觉得特别被打动，但对那个时代的黑手党大佬做事原则印象深刻（哪怕是塑造出来的原则），虽然做坏事但是有一定底线，也慷慨帮助平民，虽然为人凶残但重视家庭，不像现在的黑帮片，除了打就是杀。20151107,2015-11-08
320,Quill,5,"""Because a man who doesn't spend time with his family can never be a real man."" 
",2009-02-22
321,心玦,4,一星给马龙白兰度，一星给电影配乐，一星给旧旧的电影色调，一星给所谓的经典。原谅我的无知，这部男性电影没有让我给出五星。,2010-11-19
322,教主饶命,4,还不错啦，比格莫拉要好看许多反正,2012-09-13
323,UrthónaD'Mors,5,永恒的,2008-03-07
324,萧湘,5,明明是一部大悲剧。,2015-04-09
325,utm,5,没有看过最好的电影就没有资格写影评,2011-02-26
326,小瓦,5,经典中的经典，因为这部电影爱上了马龙白兰度这个震人心脾的教父形象，还有电影中阿尔帕西诺的帅气~~啧啧，经典黑帮电影~！,2010-02-11
327,David,5,一个七十多岁的老人在你面前喝着陈年的老酒跟你讲述着他的爱情,2012-07-19
328,wp5501666,4,和妈妈一起看的。看之前对其中的经典台词略知一二。可是。不知是翻译的缘故还是怎么。没听到那句我印象最深的“不要憎恨你的敌人，这会影响你的判断”。另。人名太长太多。记不住。看得很累。常对不上号。以后有机会重温吧！,2009-07-26
329,Lan~die,5,"一部真正的男人电影,一部两代男人的奋斗史，一部男人的教科书，永垂不朽的传世之作。自《公民凯恩》以来最出色的一部美国影片，把黑手党作为一个隐喻，不仅暗指非法生意的腐朽，而且暗指着所有的权力中心──其中主要包括政府的腐败。反映一个家族在困境中生存、在逆境中挣扎、在顺境中力图重生的轨迹，描绘出一幅气势恢弘的社会图卷。",2006-10-07
330,乃耗先森,5,有人说沉闷有人说看不懂，暗自庆幸看过原著再看电影，完全就是原著的感觉。这部戏里虽然影帝是白兰度，但我的focus都在pacino,2013-03-03
331,kimifans,4,因为先看女人香，再看教父。觉得自己错过al pacino最好的岁月了。,2011-03-09
332,FEiє(･Θ･｡)э››~,5,近三个小时片长我看得毫无尿点，果然是天生的男♂孩纸。很多桥段都很值得回味，然后其实我不是来看帕西诺叔的，是白兰度爷爷没看够。。。。盖博党感到要爬墙了,2014-06-01
333,Ursula Wang,5,"""Is that true?""""Is that true?""""Is that true?""——""No.""<经典无须更多言语。>",2011-08-19
334,公民阿良,5,I worked my whole life. I don't apologise for taking care of my family.,2018-02-25
335,杜若洲,5,人们尊敬他，爱他，也畏惧他，他是如此复杂，也如此深沉。他深知作为“地下皇帝”所肩负的责任。只要你可以体面地面对这个世界，你也就可以体面地活着。所以他可以漫不经心地与社会各界游刃有余的交往。却也让人认清了一种宿命，一种属于柯里昂家族的宿命，属于那些拥有巨大权力却身不由己的人的宿命。,2011-09-08
336,容貌见附件,5,今天我生日，看过豆瓣250的第125部片。不朽的经典,2011-03-29
337,秋刀鱼木,5,一位z姓大哥曾告诉我：男人最末次的表达方式才是说话，女人却正相反。我当时只有十三岁，被震撼得不敢再跟他说话，但他半裸的照片在我们狐朋狗友之间流传了一段时间。今次我也有同样感受，大小科里昂阁下气宇不凡，很大程度上是由于他们总是词不达意，却处处达意。,2019-07-29
338,K型的小白,4,"虽然先看了小说,剧透光了,但仍觉得很经典很不错!Al Pacino太魅力了!马龙白兰度的气质很符合!　想起了高二那时我用N节语文课+自习课把被砍成十来个单独文件的<教父>电子书看完的",2010-05-04
339,aiesson,5,一直要看2和3，到现在还没看成，一定抽空看了,2009-12-07
340,连城易脆,4,冗长而节奏缓慢，再加上年代久远，动作画面粗糙，实在让人有些打不起精神。电影的主要亮点还是在于马龙白兰度和阿尔帕西诺两大影帝的优雅和帅气...倘若换了人，我个人觉得电影也不过尔尔，如此高的影史地位，略感费解...,2015-06-28
341,糖分王,3,为毛大家都如此爱看？都冲着阿尔帕西诺去的么~~~~~,2010-05-22
342,石汐,4,半年前看教父，我不能理解，也看不懂为什么那么多人奉为经典，仅仅是马龙白兰度的教父并不能说服我。但在看完教父2后，这一切豁然开朗，原来是教父2成就了教父1，更确切的说，当你看完教父2的时候，这个电影才完整，这就是我在教父2时的评价，两者是一个不可分割的整体。所以当别人再抱有疑问，我会告,2010-12-14
343,秋刀鱼,4,四年后重看，挺有味道。权利的博弈，悠扬的音乐，让人不知不觉沉浸其中。Al Pacino年轻时竟然这么帅。,2013-01-09
344,大飞,5,也许，它能成为经典的原因之一就是：女孩子永远看不懂。,2010-12-26
345,马甲,5,#重温# 结尾tom缓缓关上门，把kay隔绝在外时，突然很难过。逃不脱的终究是宿命。纯真好青年mike依旧无法避免地走上了和他父亲一的路。,2012-08-19
346,扣扣,5,如果忽略了上帝的公义，单单论亲情实在是犯罪的良好遮羞布。,2009-09-06
347,Greenfall,5,Godfather确实确实确实确实完全就是一个大BUG。。。,2011-06-05
348,囧之女神daisy,5,这个不说了，蛮好。,2007-11-25
349,Ivan,5,[大学] 黑帮有影响力也总有危机,2007-06-12
350,裸奔的香蕉,3,没有想象中的好 整片就是说里昂家族的兴衰 看着看着 想睡着了,2010-05-08
351,Muyan,4,2012/06/23资料馆《教父》四十周年纪念放映 4K修复版再看 还是草了点,2007-11-26
352,Meetchris,5,其实这是一部讲家庭讲成长的片子，你可以给他另外取一个名字《成长的烦恼-黑帮之子》,2008-11-21
353,浴面葫芦娃,5,需回味的电影，年龄阅历使我仍无法全然了解。一部我目前尚无法评星的电影。或许回味良久，才能给出评价……（后记：三部曲看完，无愧五星！）,2009-05-12
354,J,5,唉...也许演得不好，也许演得很好...没有快进，也没倒退。发型影响女人。智商影响男人。唉。还是改成五分吧。麦克后面很有气势，也不装腔作势的那种。继承...还是一如既往的讨厌女人啊。我喜欢Vito拍拍他儿子们的脸~很亲热。而且，他的确总是表现得很温和、,2016-03-06
355,megumi,5,个人认为教父第一部是最好看的，虽然不如香港黑帮片那样有江湖情怀，但是仍是魅力无穷的黑帮经典,2011-07-25
356,包子,3,其实说是看了也没有认真看，一边运动一边看，加上人脸识别障碍，就没怎么看明白，只觉得感觉教父会不会太累，不仅要顾着自己一个庞大家族，还要去顾着来托自己办事的人，虽然对于本人来说或许也是享受这种庇护神般受大家敬畏的地位，但对我这种独善其身的人说，看着都觉得累,2019-11-12
357,[已注销],5,马龙白兰度那沙哑的声音时时在耳畔回响,2011-10-09
358,亚 南,4,Cinematography:Gordon Willis,2008-03-13
359,yyb,5,教父成长的过程，很多人都喜欢麦克在餐厅里杀人的一幕，我比较喜欢医院里那一幕，迅速发现情况不对、转移病房、观察、利用来探访的糕点师摆空城计、只身阻挡警察，一系列决定如水银泻地冷静流畅。一个人的伟大不是在生下来就决定的，而是在其成长过程中。马龙白兰度的表演更加完美。,2012-01-15
360,·謎語語語語,5,确实是经典，可以列入人生中不得不看的电影,2008-04-28
361,阴暗中的绝望,5,97/100：把批判性如此之强的原作弄成了一部黑帮史诗——尽管如此，这仍是电影史上屈指可数的优秀作品之一。,2011-01-07
362,杨大志°,4,经典的电影，虽然久了但还是很好看,2017-04-19
363,方洛洛,4,公认的经典，我都不好意思说坏话。哈哈,2010-04-02
364,全民娱乐时代,5,前面部分都不温不火的，最后结局比较给力点。公事是公事，私事是私事，成大事者必心狠手辣。,2011-05-08
365,rr_kappa,4,麦克的儿子怎会比他姐姐的孩子还大  本想给三星  多给一星完全是帕西诺的面子,2009-06-15
366,birds,5,年少时最好去感受时光，别来研究电影里的大事。,2012-11-12
367,微热、,4,太！爷！们！了！拜托请拍个教母给我小女森看吧..................,2012-06-30
368,星季,4,唯一缺点就是时间太长，看了3天。。看过小说，没什么印象了。所以说，还是直接看电影来的刺激,2014-04-14
369,一期一会,4,意大利的片子 我都要睡着 不敢乱降经典的分 给个4星 自己不评,2010-01-28
370,有戏,5,增重，把下巴垫高，说话沙哑，马龙贡献影史最伟大的表演,2007-03-17
371,歌词与后摇,5,人物刻画十分细腻！！马龙白兰度神化妆！影片虽长但是不拖沓！！经典大作啊！！,2013-12-26
372,♣乌袭。,5,喜欢大哥，可是打妹夫要真打啊，老教父太有范儿了。虽然早被剧透完了，但还是完整看下来~,2013-07-23
373,骄傲无可救药,5,就是这部片子，让我以为意大利到处都是黑手党,2011-03-21
374,夏夏夏夏夏夏夏,5,没啥可说的，你是最牛与最爱,2010-07-27
375,水红,5,若干年后我们才有了大哥这样一个职位，嘿嘿，正如它们的辈分…,2010-10-04
376,腹有诗书肚子大,5,在处理与索拉索家族斗争的事件里，麦克第一次展现了他的领导魄力。当山提诺冲动的指挥着家族，汤姆哈金按着索拉索的指示不断恐吓其事煽动求和，麦克坐在众人中央冷静谋划着复仇行动。众人报以哄堂笑声，麦克却冷静的分析利弊，并最终为父亲维多·柯里昂复仇成功。他的胆魄与决心已并非黑道莽夫，他的冷静与理性亦胜过众人，他是天生的领袖。,2014-06-23
377,马嗑菠萝,5,每次看都有不同的感触，结尾的设定和情节的相互照应太经典了，何为知行合一，言行一致,2011-04-13
378,saturdaylou,4,"#SIFF# 这其实是讲michael corleone如何一步步穿成leonard cohen, 头婚跳舞时我都想帮他伴唱dance me to the end of love了",2014-06-17
379,AmeN,5,重看《godfather》，发现原来我之前什么都没有看懂，经典总能让人有新的收获。“I spent my whole life trying not to be careless. Women and children can be careless. But not men. ,2011-07-24
380,奇爱博士,5,均衡完美【BJIFF2015】,2015-04-11
381,习习龙卷风,4,经典在哪里？是不是我应该看完三集再来评价？,2008-07-20
382,神戳戳。,4,剧情是挺紧凑的~~就是好多人长得好像...麦克好帅！,2012-08-11
383,___MR.Louis,5,三年后看的第二遍，显然三年前我还太年轻。世事无常，造化弄人，你为了家庭坚强奋斗，最后会失掉家庭，为了理想不屈不挠，最后还是一无所得。 但是这不代表你成不了一个真正的男人。 因为成为一个男人只需要在不断的必然的失败和挫折里不断努力，努力，再努力，直到你慢慢变老。,2013-03-29
384,非__想,4,11年后重看，技术上，《教父》最大的特点是蒙太奇的大量运用，占据了片中多场重要段落，如27分钟的超长开场，是一个大的交叉蒙太奇。片中人物众多，许多角色的个性细节都在调度里精心体现。主旨上，《教父》的内核则反映了意大利旧势力在新美国的没落，1946年二战后的美国进入“生意就是生意”的时代，而西西里岛的黑帮们，以老柯里昂为首属于传统派，注重家庭观念、家族荣誉，虽然是黑道，但有自己的江湖道义和准则。麦克·柯里昂的成长是一个新美国青年的出发点，西西里岛避难期间的田园生活，也是一个天真梦的幻灭。但因为家族宿命，领导能力出众的麦克不得不复制先辈的荣耀，成为新一代教父，又是一个男人成长题材。,2009-09-14
385,LEO,5,"第一场戏（全黑）:""I believe in America."" ",2010-02-19
386,四平,5,一个规则制定者在面临游戏无规则趋势的局面时的落寞与厌倦，一个无心争斗的人在身处不得安宁的生活时的反抗与深陷。,2011-05-25
387,苏呜呜,5,2014.4.9 finally / 2019.10.28 florence,2014-04-09
388,[已注销],4,对于这么高的评分，我决定打个四星把它拉下来,2010-11-29
389,已注销,5,据说马龙白兰度为了更好的展现出教父稳重感，在嘴里塞了东西使两边腮有肉些 所以有点吐字不清  还有一点不明白的是所有的一切不依靠咒语不依靠毒药来使别人听从自己的命令甚至是献出生命  这是靠的什么？,2012-03-12
390,Η²,4,周六晚正好遇上CCTV6播，久违的夏末客厅一盏暗灯，三个小时看到午夜2点。导演很擅长对众人场景的刻画，浓郁的意大利风情，很自然，让观者能感受氛围。原始的西西里小镇，真应该去意大利之前看这部片。片头婚礼是家族最兴旺的时刻，不由唏嘘，其实父爱如山，教授许多做人的智慧。电影也有BUG  2014.8.24,2014-08-24
391,st_ind,5,The.Godfather.1972.BDRip.x264.iNT-BMDru,2009-02-25
392,悟,5,“永远不要让别人知道你在想什么”...“我会给他一个不能拒绝的条件”....“我用尽一生的精力，试图不让自己变得粗心，女人和小孩可以，但男人不行”...... 马龙白兰度， 阿尔帕西诺.... 两代绝世影帝 ...  麦克最后的蜕变，成熟，凶狠，历练，老练。。。。。人生啊。。。呵,2011-05-07
393,复仇胖王子,5,"有些电影其实不需要打星的，因为这些电影好到没法用分数来衡量。
《教父》我从小学五年级开始看，每年两次。每次都有新感悟，但觉得没有豆瓣9分那个水平。但在初三那个暑假重温的时候，发现这部电影这么美，美在展现对于男权主义的展现和励志片和家庭片手法拍黑帮电影。宏伟的史诗却始终紧扣一个家族。",2018-02-09
394,曹苍狗,4,"冲着""经典""二字,自虐般看完三个小时的打打杀杀.对""规则""和""公平""的思考充斥整个观影过程:美国梦--实际上是对完善的规则和制度的信赖,终究敌不过强者逻辑的社会本质;社会正义公平需要轮到一个从事非法行业的大家族来用强权维护.永远不要忽视""社会规则""下的human element.",2009-08-06
395,兜小猪,5,第一部毫无疑问看得4白兰度，可惜我当时还不认识这个人~他有着山一般的坚定与宽广，以至于他到底那一刻我真的觉得地颤抖了…,2007-05-18
396,Gianna,5,厚重而复杂的剧情，看到头晕眼花，不过，真的很感人~！,2007-12-26
397,锴,5,"1、巨大财富的背后,都隐藏着罪恶。 
　　2、政治和犯罪是一样的。 
　　3、金融就是手枪，政治就是知道何时扣动扳机。 
　　4、无法掌控权力的人将被权力毁灭。 
　　5、一个提着公文包的律师所抢到的钱比一千个拿着冲锋枪的抢到的钱还要多。 
　　6、世界上有什么事情能那么肯定？只有一个---复仇。",2013-08-27
398,杨三疯,5,黑帮片鼻祖。男人不要记恨你的敌人，这样才不会让你失去理智，四十年前的老片，看起来170分钟，一点也不觉得无聊,2015-02-01
399,eipoz,3,拍摄和光影很好，其他的被过度神话了。就像网络小说榜单作品一样。深度甚至说 不如白兰度的《巴黎最后的探戈》。再有里面的台词当做名人名言一样，只是漂亮的话而已。,2019-10-05
400,微喵的兔姑娘,5,教父系列最喜欢第一部第二部,2008-11-01
401,阿作也不是很作,5,所谓经典！大爱马龙白兰度，大赞阿尔帕西诺！,2008-12-21
402,ANNXXNA,4,"“金融就是手枪，政治就是知道何时扣动扳机。” 
",2011-01-02
403,Jason_波波,4,连着三天看教父三部曲 说来惭愧 时隔40多年的片子今天才看 严格意义上讲 教父系列应该不属于传记片 但其拍摄的视角却始终跟随着教父本身 从第一代到第三代 白兰度的演技已深入人心无需多言 而后两代教父的饰演者显然很难超越第一任 剧情在今天看来稍显无力 使得每集3小时的时长有些熬人 不会再看第二遍,2014-01-03
404,century,2,"It's out of date. It's hard for me to appreciate it. Nowdays fashion is fantastic picture and shocking music. But it's still IMDB No. 2. Too old for me, 1972.",2011-08-08
405,光与影,5,什么？你没看过教父？什么你敢自称你有文化？,2009-03-26
406,_Esperanza__,4,优雅。冲突段落沉静而饱含张力。杰作，但还没有那么伟大。,2014-02-25
407,andybluea,5,这是黑帮片的始祖从此以后的黑帮片大都走不出这个套路弗朗西斯自编自导这真是纯技术活啊白兰度的演技无可挑剔稳准狠三字恰到好处阿尔帕西诺更是锋芒毕露只是我听不懂他在饭店里面的那段意大利语因为没有翻译但是我想不能看见翻译更能加深我的紧张酷 顺便说一句我爱黛安基顿因为年轻时候她太美了,2012-03-09
408,小缎,5,曾经遥远的故事，与现实重合。I spent all my life not to be stupid. 不是为了驾驭规则，只不过是为了不被他人摆布。,2016-03-08
409,慕童,5,记住这是一部七十年代的片子~想想我们敬爱的国家七十年代在干嘛~就知道为什么要给五星了~马龙白兰度是有一种范儿~这就是巨星,2012-06-30
410,mecca,4,4+ 在等到大荧幕之前。干净、节制（原来有预算原因）、腔调、演技、配乐。完美展现了末代头人魅力以及，从某个角度讲，虚伪的家族主义。故事是好故事，讲得也漂亮。可若论影史TOP10，似有过誉之嫌（当然和受众三观也好有关系）。,2014-03-17
411,猎隼,4,《教父》的剧本可以用“大巧不工、举重若轻”八个字来形容，全片节奏缓慢，几乎没有特别戏剧化的表演，但也恰恰因此而让故事充满张力，所有的情绪都在水面之下涌动。据说科波拉曾经因为担心被指美化黑帮而拒绝执导本片，不过我想这样的担心完全是多余的。,2017-11-07
412,懒狗,5,最爱的电影了，无法超越的黑帮片,2009-09-09
413,coolio,5,"第1回：“不要告诉别人你的想法”“女人孩子可以无忧无虑，男人不行”。
第2回（2009-10-25）：观影前特意查阅了黑手党，得以理解剧情。力荐！",2008-07-05
414,renna,5,为了爸爸，麦克放弃自己的梦想，成为了教父。。。这样的抉择。。。,2008-04-19
415,往事如烟,5,伟大的人不是生下来就伟大的，而是在成长过程中显示其伟大的。 ,2010-10-31
416,deargod3277,5,第一代教父真是受人尊重，真的是男人都应该看一看教父，什么叫责任什么叫理智什么成熟、,2011-04-13
417,Gemini,4,不要憎恨你的敌人，也不要让别人知道你的想法。,2008-10-09
418,军刺剃刀,5,很长，而且不得不承认我看到一半确实干别的去了,2013-08-02
419,鸟甲,4,"New Haven, Netflix DVD",2008-09-27
420,浮生若梦,5,阿尔帕西诺不怒自威的表情实在是太适合演这个角色了，马龙白兰度演的教父即威严又不缺温情。在这个黑帮家族里，亲情是最重要的。,2013-08-22
421,唐小万,4,只有我一个人的关注点是黛安基顿吗。莫名喜欢结尾。,2015-04-19
422,bookbug,5,沉静的夜里，重温经典，品味古铜色的光影画面和黑帮情仇,2015-05-11
423,火柴人,5,Marlon Brando演的就是经典,2010-08-27
424,Jacky,5,一连看完《教父》三部曲的。永远的经典！,2009-09-19
425,..去遠行℡,5,"2 3 在我电脑里存了很多年了、他们表示想发霉、= =
除了敬佩没别的。 这才是霸主之姿。",2010-12-04
426,freesia,5,不愧是经典。故事、演技、灯光、音乐。。。。。。。。。,2012-10-17
427,Mophister,4,2006-07-01，第一遍。2013-06-16，第二遍。深深为两代教父的老谋深算、沉稳、局面把控、对感情的控制、家族观念、冷酷所打动，干大事当头子是需要点特质的。,2006-07-07
428,漫步云端,5,最早看的阿尔·帕西诺主演的片子是《闻香识女人》，一直以为他是演技派演员，没想到看过这部阿尔·帕西诺  年轻时候扮演的片子，原来阿尔·帕西诺 年轻时候长得是如此青葱帅气，就是有点矮。这应该是他的成名作吧？哈哈，,2017-02-25
429,半城风月,5,经典好电影。,2017-02-26
430,魔女幼汐,5,真是百看不厌！老教父太绝了，如同鬼影存在于后两部里,2009-06-08
431,咖喱娜,5,看了一遍又一遍竟然无法自拔,2010-02-25
432,江央还没整明白,5,我已词穷/BUT你们造在电影院/看教父/的爽快感/吗/尤其是/大光明的1号厅/还是4K修复版/爽里带着腔调/你们感受下好吗,2014-06-17
433,vanon,4,就是一篇叙事电影 看不出那么多感慨 倒是拍摄手法 和场景细节值得深思,2012-01-23
434,▲,5,"I don't care what you did is right or wrong, I want you know only me have the right to make decision, cause I am the godfather until my deat",2008-07-31
435,栖云,5,男人必看之经典电影。是男人必看，女人看了应该没多大感觉。与《肖申克》相比一个是正面一个是负面，一个是启发对于个人人生的意义，一个是探讨对于家族兴衰的责任。《教父》展示了其家族中一个真正的男人是怎样炼成的，智谋，原则，胆略等等，如何从一个书生慢慢成长为家族的掌舵人，教父和新一代教父所展现出的素质令我十分钦佩。,2009-05-02
436,D野千寻,4,"“我会给他一个无法抗拒的条件。”马龙白兰度饰演的教父维多科里昂做事谨慎有分寸，“我花了一辈子时间学会了‘小心’”，“不照顾家人的男人不是真男人”，科里昂阁下的迷人之处在于大权在握的良知，在于世事浮华中知道轻重，在于他时刻让自己保持的清醒。而阿尔帕西诺饰演的小儿子迈克比父亲凶残，比父亲果敢。导演科波拉无疑是派拉蒙最终做出的出色选择，而科波拉坚持任用的马龙白兰度和阿尔帕西诺也成功塑造了荧幕经典形象，一切在意料之外同时又在情理之中的事情都是最好的安排。",2018-09-08
437,貓頭一,4,它之所以是经典的原因之一，即被观看时脑子里同时回忆起小说那些句子的描写。,2012-08-31
438,方芳,1,又臭又长的垃圾电影。我真不明白你们为什么那么爱,2009-12-15
439,韭菜炒大蒜,4,这男的移情别恋的太快了吧，果然女人如衣服啊。很喜欢其中一个设计——还人情，盗亦有道，人脉很重要。其实对于白道来说，黑道更直接，更冲动，更原始，更暴力，因此付出的代价也更大。mike学会了冷血，学会了欺骗最亲的人，现实逼着他从一个正直的人变成了教父。还有我说男主那么眼熟呢，闻香识女,2012-04-29
440,居无间,5,新任教父接受洗礼时那段交叉剪辑真帅。新任教父冷酷果决，不同与其父拉拢朋友交易人情的方式。最后门一关，与亲人之间有了隔阂，这也异与其父保护家庭的理念。新官上任得组建新的领导班子，一是建立自己的权威，二也有利于与时俱进。,2013-02-18
441,Ace,5,I spent my whole life trying not to be careless. Women and children can be careless. But not men.,2014-12-08
442,kathy,5,不喜欢黑帮，但是不得不承认马龙白兰度和阿尔帕西诺演得太好了,2012-09-03
443,茶根,5,只有到了一定年龄，才会深爱这部电影。 AlPacino在葬礼上冷眼旁观每一个献花的人那段太赞，一部男人的电影。,2010-12-17
444,魂,5,第一遍不是很欣赏的来。放放再看，真是气势磅礴~,2014-02-08
445,无名无幸,5,"值得深思，教父一生杀过人,卖过私酒,收过保护费,最后的主营业务是开赌场.但他却对娼妓行业和毒品业务表现出巨大的抵触,这种近乎荒诞的恪守让他付出了巨大代价.世界上究竟还有多少值得恪守的准则?究竟还存在多少能让自己恪守某样东西的傻子?能够真正恪守某样东西,这种行为无疑是宝贵的. ",2018-07-07
446,断肠人在刷牙,4,真的不错！有几场戏紧紧地抓住我的注意力，尤其麦克掏枪那一段，不足之处是全片稍显亢长！,2013-11-27
447,eyHanAKo,5,Godfather 永遠是空前 No. 1 Gangster Movie，能否永遠絕後成為第一雖然不能肯定，但至少今時今日還是我心中的第一。,2013-05-25
448,CC619,4,作为女生，并不能太了解那种精髓，也许等我更成熟些，再回顾这部经典,2010-12-12
449,膏膏,5,节奏缓慢，剧情沉重，完全没有多余的对白、配乐和场景。大师级作品，不用我再多说了，教材片！,2010-05-23
450,Tacitus,5,如果这是一个关于大好青年受家族命运束缚的悲剧，那么幽远悠长而仅仅略带伤感的教父华尔兹显然不够悲怆。麦克并非无从摆脱家族的命运，而是在危急关头自己选择了韦伯所说的’责任伦理’，承担起‘保护家族(安全)'的责任。后者存在着一套与自身目的匹配的行事逻辑，甚至在与家庭价值冲突时须给予优先性；麦克后来完全被责任伦理吞噬(通过与凯特的关系展现)，这才是令人伤感的地方。时代感满溢了，老教父希望麦克从政，就是意识到在传统和个人魅力合法性(在第二部有更多着墨)都渐退后，要保持权威，就只剩下机构合法性这一道路了。麦克着草回来后和凯特在公园的对话是核心了，利维坦和黑手党在功能上是类似的(提供保护，主持(分配或纠正)正义)，规模不同，合法性来源不同。千百年江湖凝聚美国往事，timeless,2019-04-20
451,一路风景,3,可能年代久远，可能是黑帮电影的缘故，没有打动到我，不过，迈克很有范儿。,2010-08-01
452,李翎竹,5,05年的时候，有时间看，却错过了。10年下载的中文配音的，幸亏没看，之后看的原声的。超级经典的电影。,2011-02-26
453,McQ,5,再看一遍之后我发现 所有的黑帮片前半部都很好 后半边就不行了 只有教父从头到尾都这么刺激,2012-05-14
454,水生木,5,教父”维托·唐·柯里昂原来就是马龙·白兰度演的啊,2010-04-07
455,歌辞,5,作为一部男人必看的电影，我倒认为未必每个男人内心都有一个狠角色以及那么强烈的责任感。人间的教父相当于半个天父，呼风唤雨，无所不能，却也有无可奈何失声痛哭的时候。西西里《温柔的倾诉》终归不是世外桃源，却也是一曲终生难忘。年轻的阿尔·帕西诺和年迈的马龙·白兰度相比，还是老人更性感。,2014-06-08
456,易臣,5,"柯里昂黑帮的至高理想是建立一个王国然后对一群人负责,一个看起来天真的追求可以很霸权血腥但照样很有担当很诗意",2012-06-29
457,邦邦,4,几乎任何一个经典电影榜单的前几位都有它的影子，可节奏慢到让我无法忍受，三个小时分两天看完的。个人阅历有限，欣赏起来有压力，不评价。经典未必适合，有的是兴趣使然，有的是时机不对，这一点读书和电影同理，没有什么必读和必看。好的文艺作品，可推荐，莫强求。,2011-03-27
458,想我说yes,5,最后的杀人的镜头让我感觉到热血沸腾。。,2011-06-07
459,Miss Me,5,脆弱时间到，我们一起来祷告……,2012-07-18
460,苏莫言,4,当时是因为看到太多说此部电影经典的话，才最终决定看看，一探究竟。第一部确实不错，教父，演出了教父的那个派头，喜欢西西里，喜欢意大利黑手党式的黑帮电影，别有一番味道。,2011-02-12
461,noname,4,下一步 http://movie.douban.com/subject/1299131/,2012-10-28
462,作别灵,5,它就是我们男人的圣经，那里面包含了所有的智慧。,2007-08-24
463,Windowpane,4,倒叙着看完了教父三部曲，maiky的一生似乎也似倒叙般缓缓铺陈开。最后看的这第一部，maiky尚还年幼，对父亲的爱跟敬，对家族的爱胜过一切。而老一代教父，从容不迫地享受这个称号。有人说的好，对于教父，父亲是主动且乐在其中的，而儿子却在艰难时期扛起重任，责任多于享受，却孤独终老。,2016-06-08
464,下雨不愁,5,This is men's world.,2013-08-09
465,Rice,5,确实是是男人就一定要看的~~~,2010-05-11
466,宋痴,5,最近5年且接下来很长的人生要学习的内容：人性、金钱、权力。,2015-07-21
467,29,5,人生若想看电影 从教父开始,2010-05-25
468,白小白,5,一种优雅的狂暴、平静的残忍、化妆的邪恶，如同毒蛇与猛虎的混合体。,2010-02-28
469,"一""一",3,男人成长。完全掩饰不了自己的血液。家庭，儿女，是一生平凡的终极追求。大名气的黑帮片总是这样结局。怎么回事？,2008-05-30
470,arckys,4,没预期的好，micheal的角色要比白兰度演的教父出色。,2012-12-13
471,Keyser Soze,5,我真的不知道说些什么，剧情就不说了，表演简直神了。我从来没有感觉到一部电影可以牛逼到这种地步,2014-04-30
472,深层次空间,5,I'm gonna make him an offer he can't refuse.,2013-10-29
473,拉姆,5,好喜欢。中间提心吊胆很怕突然一支冷枪，体验了一把黑帮的生死一线【并没有】，叙事特别好，很经典的王道取胜。大家族感情、父子角色、对外之仇、内部清洗，都是要点。,2018-04-06
474,Neil,5,家族、尊严、权利、利益，美国梦操纵在少数人的手里，就像教父的logo一样，你是教父你掌握着一切，你还承担着一切的责任···,2009-08-11
475,Scarlett,4,最喜欢的是帕西诺厕所取枪刺杀的那场戏，是个英雄，有点荆柯的味道。还有那匹马的头～,2011-04-20
476,乔里森,5,"当你说不时,你要使不听上去象是一样好听。",2011-05-17
477,秋子酱,4,看了好几遍，每一次感受都不一样，其实关键台词和情节几乎要背下来了，但还是喜欢。忍不住开始想念曾经送我原著的那个人,2017-03-14
478,Di-Dar,3,"这电影哪好?我也是带着这样具2的问题看完了这部电影..""男人的圣经""...我怎么都觉得一般...也许真不是我喜欢的题材...不过我第一次知道原来阿尔*帕西诺年轻的时候这么这么的帅啊!!!",2009-06-03
479,阅微草堂,5,至今还被那个画面马头的场面所震撼！！,2012-03-27
